published,title,text,title_sentiment,content_sentiment,has_strike,has_war,has_hurricane,has_delay,has_shortage,has_sanction
2025-07-25 17:38:48+00:00,"Ahead of Shutdown Deadline, Democrats Face a Dilemma on Spending","Skip to comments.
Ahead of Shutdown Deadline, Democrats Face a Dilemma on SpendingThe New York Times ^
 | July 25, 2025, 3:00 a.m. ET
 | Catie Edmondson and Carl Hulse
Posted on 07/25/2025 10:38:… [+3234 chars]",0.0,0.13636363636363635,0,0,0,0,0,0
2025-07-25 17:32:28+00:00,Filipino and Indian Flavors Merge at This ‘Top Chef’ Star’s New Wicker Park Cafe,"Reema Patel is part of the crew a Sarima Cafe, now open in Wicker Park. | Kim Kovacik/Eater Chicago


Zubair Mohajir has helped redefine South Asian cuisine in Chicago, with the successes of Lilac T… [+4144 chars]",0.3181818181818182,0.0,0,0,0,0,0,0
2025-07-25 17:31:00+00:00,What Powers (Almost) Everything We Do,"Put a bagel in a toaster oven and push a button. In a few seconds, heating elements inside the oven glow red and heat the bagel. The action seems simple after all, ten-year-olds routinely toast bagel… [+21091 chars]",0.0,-0.025,0,0,0,0,0,0
2025-07-25 17:30:31+00:00,Fed Chair Jerome Powell Correctly Distinguishes Trump Pee From Rain,"Donald Trump has been trying to fire Federal Reserve Chair Jerome Powell which he cant, at least not legally or at least pressure Powell into resigning, because Powell has resisted Trumps calls to ju… [+8707 chars]",0.0,-0.075,0,0,0,0,0,0
2025-07-25 17:30:17+00:00,XRP’s bull run might have ended at $3.65: Here’s what must happen to save it,"Key takeaways:
<ul><li>XRPs liquidation was the third-largest long liquidation on Binance this year.
</li><li>XRPs higher time frame trend remains bullish, as bulls aim to defend the $2.95$3.00 sup… [+3198 chars]",0.0,0.06666666666666667,0,0,0,0,0,0
2025-07-25 17:30:00+00:00,"Video: First Look at ""LEGO Masters Jr."" Premiering Monday, August 18 at 8/7c on FOX!","BRICK-ING NEWS
JUST REVEALED AT SAN DIEGO COMIC-CON, LEGO(R) MASTERS JR. SHARES A FIRST LOOK
AT THE FUN-SIZED 4-WEEK SPECIAL EVENT SERIES PREMIERING MONDAY, AUGUST 18 @ 8/7c ON FOX!
CLICK HERE TO … [+2266 chars]",0.3125,0.3482142857142857,0,0,0,0,0,0
2025-07-25 17:28:04+00:00,Tokenized money market funds emerge as Wall Street’s answer to stablecoins,"The tokenization of money market funds marks a significant step in preserving the appeal of cash as an asset, especially as the growing adoption of stablecoins threatens to erode the attractiveness o… [+3342 chars]",0.0,0.1875,0,0,0,0,0,0
2025-07-25 17:24:06+00:00,This Week in AI: President Trump Releases AI Action Plan; Delta Tests Personalized Pricing,"The White House released a policy roadmap detailing President Donald Trumps strategy to maintain U.S. leadership in the global artificial intelligence (AI) race. The plan emphasizes deregulation, inf… [+3828 chars]",0.1,-0.19999999999999998,0,0,0,0,0,0
2025-07-25 17:22:17+00:00,Seniors rarely downsize — here’s why that’s hurting first-time homebuyers,"Realtor Barry Lebow specializes in helping seniors downsize _ moving out of the family homes theyve lived in for decades to a smaller place thats a better fit for their aging lifestyle.
THIS CONTENT… [+4837 chars]",0.3,0.3,0,0,0,0,0,0
2025-07-25 17:17:47+00:00,Shale Stumbles Again as U.S. Rig Count Drops Further,"BP has reversed its renewable…
Oil prices rose modestly in…
The United States approved a…
By Julianne Geiger - Jul 25, 2025, 12:17 PM CDTThe total number of active drilling rigs for oil and gas in… [+2015 chars]",0.0,0.14166666666666666,0,0,0,0,0,0
2025-07-25 17:17:40+00:00,Why Google's Next Foldable Could Spark a Color Revolution,"Ever notice how the tech world gets collectively obsessed with certain colors? Remember when everyone and their grandmother wanted that Really Blue Pixel XL back in 2016? Well, buckle upGoogle's upco… [+6289 chars]",0.0,-0.07142857142857142,0,0,0,0,0,0
2025-07-25 17:13:17+00:00,Enjoy Silent Nights And Improved Rest With The Best Anti-Snore Devices,"Regular snoring is not only a frustration, but it can also be a major sleep disruptorand in more serious cases, a sign of an underlying health issue. In addition to consulting your doctor, if you or … [+12172 chars]",0.4666666666666666,0.04583333333333334,0,0,0,0,0,0
2025-07-25 17:12:35+00:00,What The GENIUS Act Means For Crypto-Native Stablecoin Issuers,"Dollar-backed tokens are set for rapid growth after the signing into law of the GENIUS Act
SOPA Images/LightRocket via Getty Images
After an arduous process the first comprehensive stablecoin legis… [+5932 chars]",0.0,-0.04999999999999999,0,0,0,0,0,0
2025-07-25 17:12:09+00:00,Bitcoin’s four-year cycle loses grip as maturing market reshapes dynamics,"Bitcoins long-standing four-year cycle, once a dominant framework for predicting price movements, is beginning to lose its influence, according to Bitwise CIO Matt Hougan.
In a July 25 post on X, Ho… [+2940 chars]",-0.3,0.0,0,0,0,0,0,0
2025-07-25 17:10:00+00:00,Hulk Hogan's Sex Tape Lawsuit Changed Kotaku Forever,"The Hulk Hogan sex tape lawsuit, financed by a guy who flinches at the prospect of humanity enduring, is not really my story to tell. I was merely an observer at the time. While Im all too familiar w… [+5182 chars]",0.0,-0.075,0,0,0,0,0,0
2025-07-25 17:05:15+00:00,A. Lange & Söhne Unveils the New Zeitwerk Date in Pink Gold,"Adored by niche collectors, A. Lange &amp; Söhne has evolved into a name that elicits reverence and aggressive bidding. Watch connoisseurs today know that when a Lange surfaces at auction, things get… [+6969 chars]",0.018181818181818174,0.0,0,0,0,0,0,0
2025-07-25 17:00:34+00:00,"BONK up 158% in July, but can buybacks push it 46% higher?","Key Takeaways
BONK has burnt 500 billion tokens amid an aggressive deflationary plan that could fuel the memecoins next phase of the uptrend. However, will the market bulls hold their ground? 
BONK… [+2230 chars]",0.25,0.0,0,0,0,0,0,0
2025-07-25 17:00:00+00:00,Kiwifruit harvest hits record despite US tariff concerns,"Potential tariffs on exports to the US, including kiwifruit, remain on the industrys radar.
While confidence in demand for our kiwifruit remains strong, we recognise that the current environment we … [+3774 chars]",0.0,0.14444444444444443,0,0,0,0,0,0
2025-07-25 17:00:00+00:00,UX Strategies for Complex-Application Design,"Complex applications like those used in specialized domains such as healthcare, finance, or logistics support nonlinear workflows, expert users, and high-stakes decisions. Designing them introduces n… [+12334 chars]",0.0,-0.15,0,0,0,0,0,0
2025-07-25 17:00:00+00:00,"Philly McMahon: I think Donegal will win but if you hang around long enough, I’ll build you a sturdy argument for Kerry","Punditry is a mugs game. Evidence of which was in hearty supply last week. Everyone went for Cork in the hurling final. Everyone.
Not just in this parish, but absolutely anybody with a column inch o… [+32 chars]",0.25,-0.05,0,0,0,0,0,0
2025-07-25 16:58:49+00:00,China’s “GPU Repair” Business Is Booming Right Now As The Illegally Acquired NVIDIA H100 & A100 AI Chips Are Being Repaired In Shocking Numbers,"Apart from the ""smuggling business"" in China, it seems like repairers are earning hefty sum of money by providing services for NVIDIA's high-end AI chips.
There's no doubt that China has access to h… [+1600 chars]",-0.4047619047619048,0.0,0,0,0,0,0,0
2025-07-25 16:57:53+00:00,"The Congressional Coffee Caucus Tariff Exemption, Explained","We are one week away from August 1st, the day a new round of sweeping tariffs from the US government takes effect. Among the countries impacted are major coffee producers Vietnam, Indonesia, and Braz… [+2548 chars]",0.0,-0.00037878787878788583,0,0,0,0,0,0
2025-07-25 16:57:50+00:00,Ukraine says it is holding back Russia’s offensive but has only received pledges for three Patriot systems,Ukraine said it is holding back Russias summer offensive in eastern regions but has only received pledges from western allies to provide three of the 10 US-built Patriot air defence systems that it n… [+3638 chars],0.0,0.0,0,0,0,0,0,0
2025-07-25 16:54:53+00:00,Supertanker Hauling Saudi Diesel Heads to Fuel-Starved Europe,"(Bloomberg) — A supertanker carrying a cargo of diesel from the Middle East is en route to the fuel-starved European market, reflecting supply tightness in the region.
The VLCC Nissos Keros loaded a… [+1062 chars]",0.0,0.0,0,0,0,0,0,0
2025-07-25 16:54:26+00:00,Longtime lawmaker shapes the debate as Arizona grapples with dwindling water supplies,"PHOENIX -- Throughout two decades marked by drought, climate change and growing demand for water, Arizonas leaders have fiercely debated an increasingly urgent problem: how to manage dwindling water … [+4997 chars]",0.0,0.1,0,0,0,0,0,0
2025-07-25 16:51:46+00:00,Families Going Into Debt for Back-to-School Supplies Jumps by Double Digits,"Forty-four percent of parents plan to incur debt to cover school supplies—a 10-percentage-point increase from 2024—a new survey by Intuit Credit Karma found.
Parents cited concerns over new tariffs … [+5595 chars]",0.0,0.13636363636363635,0,0,0,0,0,0
2025-07-25 16:51:32+00:00,Cancer survivor whose uterus was surgically repositioned inside of her gives birth to baby,"Talk about a labor of love.
An Israeli woman has delivered a healthy baby after undergoing a rare procedure that involved relocating her uterus to preserve her fertility during cancer treatments.
T… [+3895 chars]",0.0,0.43333333333333335,0,0,0,0,0,0
2025-07-25 16:50:00+00:00,Erayak Power Solution Group. Announces $3 Million Registered Direct Offering,"Wenzhou, China, July 25, 2025 (GLOBE NEWSWIRE) -- Erayak Power Solution Group Inc.. (NASDAQ: RAYA) (""Erayak"" or the ""Company""), a leading manufacturer, designer, and exporter of high-quality products… [+4730 chars]",0.1,0.0,0,0,0,0,0,0
2025-07-25 16:48:47+00:00,Southwest's Rocky Q3 Outlook Sparks Doubts Over Steep Q4 Profit Climb,"Southwest Airlines Company (NYSE:LUV) shares are trading relatively flat on Friday.
On Wednesday, the company reported second-quarter adjusted earnings of 43 cents per share, which missed the Street… [+2633 chars]",0.0,-0.025,0,0,0,0,0,0
2025-07-25 16:46:16+00:00,"At GFT 2025, Thai Apparel Industry Charts Future Amid Regional Conflict and Tariff Fears","Against a backdrop of political tension, tariff threats and cross-border instability, GFT 2025 opened this week in Bangkok with a bold message from Southeast Asias apparel industry: innovation will n… [+7826 chars]",0.0,0.16666666666666666,0,0,0,0,0,0
2025-07-25 16:46:00+00:00,Volkswagen Teases Made-in-America Audis After $1.5 Billion Tariff Hit,"The German automaker reported a sharp fall in first-half earnings. - mike blake/Reuters
Volkswagen said President Trumps tariffs have cost it $1.5 billion. Now it has a solution: An offer to the Whi… [+5386 chars]",0.0,-0.0625,0,0,0,0,0,0
2025-07-25 16:45:33+00:00,Phillips 66 Weighs Projects to Profit From Tight Diesel Market,"{ window.open(this.href, '_blank'); }, 200); return false;""&gt;Why did the FCC approve the Paramount-Skydance merger? { window.open(this.href, '_blank'); }, 200); return false;""&gt;How are US tariffs… [+782 chars]",-0.17857142857142858,-0.20000000000000004,0,0,0,0,0,0
2025-07-25 16:44:40+00:00,"Venmo, PayPal users can now send money to the US government to help pay down $36.7T national debt","The US Treasury Department is now accepting Venmo and PayPal payments from those who want to donate money to reduce the nations ballooning $36.7 trillion debt.
The digital payment platforms can be u… [+3401 chars]",-0.15555555555555559,0.0,0,0,0,0,0,0
2025-07-25 16:43:34+00:00,China's 'Project of the Century'—World's Biggest Hydropower Dam—Is Underway,"Construction has officially commenced on what is set to become the world's largest hydropower dam, China's premier Li Qiang announced on July 19.
Located on the eastern rim of the Tibetan Plateau, t… [+5258 chars]",0.0,0.0,0,0,0,0,0,0
2025-07-25 16:32:33+00:00,"Bitcoin Halving Cycles? No Longer Key, Says Bitwise's Matt Hougan","Matt Hougan, Chief Investment Officer at Bitwise Asset Management, says the era of crypto's traditional four-year market cycle is over.
What Happened: In an X post on Friday, Hougan pointed to struc… [+2303 chars]",0.0,0.0,0,0,0,0,0,0
2025-07-25 16:30:44+00:00,100X More Efficient Than ARM Processors – Electron E1,"We've been building general-purpose CPUs wrong for decades, apparently. That's the bold claim from Efficient Computer, a new startup stepping into the embedded market with their Electron E1 chip. For… [+12380 chars]",0.5,0.004924242424242414,0,0,0,0,0,0
2025-07-25 16:30:05+00:00,How car dealerships have capitalized on crisis through bait-and-switch pricing,"How car dealerships have capitalized on crisis through bait-and-switch pricing
Few customer experiences can evoke as much anxiety, uncertainty, and frustration as walking into a car dealership. As a… [+10838 chars]",0.0,0.0,0,0,0,0,0,0
2025-07-25 16:30:00+00:00,Marine Corps Systems Command Explores Cutting-Edge Boot Designs to Enhance Warfighter Lethality,"To enhance the lethality of individual Marine warfighters, 25 School of Infantry-West instructors will spend the summer testing a new design for Marine Corps Systems Commands (MARCORSYSCOM) Optional … [+8176 chars]",0.0,0.06818181818181818,0,1,0,0,0,0
2025-07-25 16:30:00+00:00,Intel Lays Off 24000 and Shuts Down Major Projects in Bold Restructuring,"Intel slashed 24,000 jobs worldwide. The chip giant also cancelled multiple major projects in July 2025. This sweeping restructuring under CEO Lip Bu Tan aims to streamline operations and address mou… [+3692 chars]",0.08009259259259258,0.020833333333333332,0,0,0,0,0,0
2025-07-25 16:30:00+00:00,What To Expect From Monday’s OPEC+ Meeting,"Chevron and ExxonMobil are now…
Oil prices are influenced by…
Africa's upstream oil and gas…
By Julianne Geiger - Jul 25, 2025, 11:30 AM CDTOPEC+ looks set to stay the course at Mondays Joint Mini… [+2233 chars]",0.0,0.0,0,0,0,0,0,0
2025-07-25 16:29:39+00:00,Hungary for trouble: Why Orbán must inevitably choose between the US and China,Viktor Orbán and Donald Trump share many similarities: both are virulently anti-immigrant; both love Russia; both are suspicious of Ukraine; and both purport to defend traditional values against glob… [+9127 chars],-0.1,0.3333333333333333,0,0,0,0,0,0
2025-07-25 16:26:35+00:00,AHS temporarily shutters Saskatoon Farm food facilities after 88 fall ill,"More than a week after dining at the sit-down restaurant at Saskatoon Farm, best friends Kayla Scott and Alanna Jensen are still battling a stubborn illness and they aren't the only ones.
Alberta He… [+3369 chars]",-0.5,0.5,0,0,0,0,0,0
2025-07-25 16:23:01+00:00,Will we see a re-emergence of Syria’s oil and gas markets?,"After 14 years of conflict, the Assad regime in Syria fell in December 2024. Western nations subsequently removed significant sanctions against it to encourage economic growth and peaceful diplomacy … [+6052 chars]",0.0,0.16499999999999998,0,0,0,0,0,1
2025-07-25 16:18:22+00:00,Goldman Sachs Starts Amkor (AMKR) at Neutral Amid Stable Semi Cycle and China Tailwinds,"Amkor Technology Inc. (NASDAQ:AMKR) is one of the most oversold semiconductor stocks so far in 2025. On July 10, Goldman Sachs analyst James Schneider began coverage of Amkor Technology with a Neutra… [+2107 chars]",0.0,0.3,0,0,0,0,0,0
2025-07-25 16:18:05+00:00,"Hormel Foods (HRL) Appoints Jeffrey Ettinger as Interim CEO, John Ghingo as President","Hormel Foods Corporation (NYSE:HRL) is one of the best alternative meat stocks to invest in according to analysts. On June 23, the company announced the appointment of Jeffrey M. Ettinger as interim … [+2111 chars]",0.0,1.0,0,0,0,0,0,0
2025-07-25 16:17:00+00:00,The Real Reason Hydrogen Fuel Isn't More Popular,"One potential process which would be safer for our climate, is an option referred to as green hydrogen. This utilizes clean and renewable energy, like wind or solar power, to manufacture the hydrogen… [+1076 chars]",0.4333333333333333,0.05555555555555556,0,0,0,0,0,0
2025-07-25 16:14:41+00:00,Falcon Finance Brings Full Transparency Into USDf Reserves with New Dashboard,"Disclaimer: The below article is sponsored, and the views in it do not represent those of ZyCrypto. Readers should conduct independent research before taking any actions related to the project mentio… [+2374 chars]",0.24318181818181817,0.0,0,0,0,0,0,0
2025-07-25 16:14:23+00:00,Unlocking nature’s toolkit: how plant compounds may support cancer therapy,"Michel Arnaud/Shutterstock.com
Green tea and red wine may seem like simple dietary choices – but beneath the surface, they harbour compounds with remarkable medical potential. Scientists are uncover… [+4732 chars]",0.0,0.09166666666666667,0,0,0,0,0,0
2025-07-25 16:14:18+00:00,How to reduce the hidden environmental costs of supply chains,"Me dia/Shutterstock
Global supply chains account for 70% of world trade. They are the arteries of global capitalism, moving goods and services across borders multiple times before reaching consumers… [+6416 chars]",-0.16666666666666666,0.0,0,0,0,0,0,0
2025-07-25 16:10:16+00:00,Piper Sandler Reaffirms Overweight Rating on SAP Amid Cloud Momentum,"SAP SE (NYSE:SAP) is one of the best 52-week high stocks to buy now. On July 23, Piper Sandler reaffirmed its Overweight rating on SAP while adjusting the price target to 345 from 355. The firm cited… [+1613 chars]",0.0,0.32,0,0,0,0,0,0
2025-07-25 16:10:04+00:00,Euphonica is a Rust-Powered MPD Client Heavy on Bling,"‘An MPD frontend with delusions of grandeur’ not my words, but those of the GitHub description for Euphonica, a new(ish) Rust-based Linux music player under development.
The developer, Hunh Thin Khi… [+3467 chars]",-0.2,-0.4,0,0,0,0,0,0
2025-07-25 16:10:01+00:00,GE Aerospace (GE) Price Target Hiked at Citi on Solid Guidance,"GE Aerospace (NYSE:GE) is one of the best 52-week high stocks to buy now. On July 18, Citi raised its price target of the stock to $309 from $296 while maintaining a Buy rating. The adjustment follow… [+1530 chars]",0.0,0.58,0,0,0,0,0,0
2025-07-25 16:09:50+00:00,Palantir Technologies’ (PLTR) Pipeline Bolstered by $100M NGC-2 Contract,"Palantir Technologies Inc. (NASDAQ:PLTR) is one of the best 52-week high stocks to buy now. On July 21, the stock was a big mover after the company secured a $100 million contract from the US governm… [+1853 chars]",0.0,0.38666666666666666,0,0,0,0,0,0
2025-07-25 16:08:31+00:00,VA Tech Wabag secures ₹380 crores order from BWSSB,"VA Tech Wabag, a water technology company, has secured a Design, Build, Operate order, funded by World Bank, worth about 380 crores from the Bangalore Water Supply and Sewerage Board (BWSSB) towards … [+1555 chars]",0.0,0.3,0,1,0,0,0,0
2025-07-25 16:07:03+00:00,"How A Podcast ""Created Lot Of Problems"" For Diamond Comics Bankruptcy","Posted in: Comics, Current News | Tagged: dennis barger, diamond
The Diamond Comic Distributors' Chapter 11 bankruptcy court transcripts reveal the how a podcast ""created a lot of problems""
Transcr… [+19137 chars]",0.0,0.125,0,0,0,0,0,0
2025-07-25 16:04:52+00:00,Liebherr delivers first batch of HVAC systems to Stadler Rail,"Liebherr Transportation Systems (China) has delivered the first batch of heating, ventilation, and air conditioning (HVAC) systems to Stadler Rail Group.
These systems, designed and manufactured in … [+2169 chars]",0.25,0.25,0,0,0,0,0,0
2025-07-25 16:02:53+00:00,Suspects in Kansas City Chiefs fans' deaths say no timeframe for DNA evidence in murder case,"Two men appeared in court Thursday to face murder charges for the first time after three Kansas City Chiefs fans were found dead in the backyard of their friend's home in January 2024, as the defense… [+5748 chars]",0.0,0.024999999999999994,0,0,0,0,0,0
2025-07-25 16:02:15+00:00,UK-India $4.8bn FTA poised to benefit medtech and pharma,"The UK and Indias newly signed £4.8bn ($6.45bn) free trade agreement (FTA) is expected to give rise to new opportunities for Indian medical device and pharmaceutical manufacturers.
Signed on 24 July… [+2512 chars]",0.0,0.11454545454545455,0,0,0,0,0,0
2025-07-25 16:00:58+00:00,Is $1 Dogecoin ‚Inevitable‘? Analyst Cites Perfect Storm Of Factors,"Strict editorial policy that focuses on accuracy, relevance, and impartiality
Created by industry experts and meticulously reviewed
The highest standards in reporting and publishing
Strict editori… [+4546 chars]",1.0,0.0,0,0,0,0,0,0
2025-07-25 16:00:44+00:00,Official Store List For The Nike SB Air Max 95 “Cactus Flower”,"The Nike SB Air Max 95 “Cactus Flower” is pushing closer and closer to becoming a reality. Nike has just let loose some official information on the worlds-collide collaboration, letting loose their o… [+4555 chars]",0.0,0.09871794871794871,0,0,0,0,0,0
2025-07-25 16:00:43+00:00,"ETH LEADS, MONEY SUPPLY HITS ATH, PUNKS CONTINUE TO SURGE","ETH LEADS, MONEY SUPPLY HITS ATH, PUNKS CONTINUE TO SURGE
BTC dips as jobs data diminishes Fed rate cut hopes. US crypto inflows surge hit $60b YTD. Strategy increases pref stock offering to $2b. To… [+547 chars]",0.0,0.0,0,0,0,0,0,0
2025-07-25 16:00:00+00:00,Oil Slips as Market Eyes Potential Venezuela Supply Boost,"The U.S. Commerce Department has…
Solar power generation jumped 30%,…
Oil prices are rising on…
By Tom Kool - Jul 25, 2025, 11:00 AM CDTOil traded slightly lower on Friday as traders weighed trade… [+4651 chars]",0.0,-0.16666666666666666,0,0,0,0,0,0
2025-07-25 15:58:57+00:00,NASAMS Order Egypt’s Latest Step To Diversify Air Defense,"A NASAMS surface-to-air missile launcher is seen during production at the assembly line of the ... More Kongsberg Defence &amp; Aerospace weapons factory in Kongsberg, Norway on January 30, 2023. (Ph… [+5927 chars]",0.5,0.5,0,0,0,0,0,0
2025-07-25 15:57:53+00:00,"Generational Group Advises Bingo Pro, Inc. & Berri Books, Inc. in its Sale to Nakani Capital Partners","DALLAS Generational Group, a leading mergers and acquisitions advisory firm for privately held businesses, is pleased to announce the sale of Bingo Pro, Inc. &amp; Berri Books, Inc. to Nakani Capital… [+5668 chars]",0.0,0.09999999999999999,0,0,0,0,0,0
2025-07-25 15:55:38+00:00,Med Student Caught Red-Handed Faking Poverty For Scholarship After College Finds Her Social Media Profile,"A judge has stopped a medical student’s state-sponsored university grant after a socialmedia audit showed that, contrary to her claims of an impoverished life, she was, in fact, well-heeled enough to… [+5577 chars]",0.03333333333333333,0.0,0,0,0,0,0,0
2025-07-25 15:53:42+00:00,Homebuilders cautiously optimistic about Arizona’s ‘ag-to-urban’ water program,"Homebuilders are unsure how effective Arizonas ag-to-urban water program will be, but say they plan to get on board when it goes into effect on Sept. 26 even though they have doubts about its future … [+793 chars]",0.0,0.3,0,0,0,0,0,0
2025-07-25 15:52:10+00:00,"Bluetti’s small, camp-friendly generator is over 30 percent off","<ul><li></li><li></li><li></li></ul>
There are also deals available on a Qi2 charging stand from Belkin and Samsungs last-gen Galaxy S24 Ultra.
There are also deals available on a Qi2 charging stan… [+4229 chars]",-0.25,0.4,0,0,0,0,0,0
2025-07-25 15:49:39+00:00,"Inventory of New Single-Family Homes Spikes to Highest since 2007; in the South, Shoots Past Housing Bust High. Sales and Prices Drop","Homebuilders cut prices, bring on supply; profits plunge back to earth. Medicine this overpriced housing market needs.By Wolf Richter for WOLF STREET.New single-family homes for sale at all stages of… [+150 chars]",0.015454545454545452,0.0,0,0,0,0,0,0
2025-07-25 15:45:00+00:00,Q2 Sales and H1 2025 Financial Results,"PRESS RELEASENantes, July 25, 2025
Q2 sales and First Half results 2025 
Q2 activity improving at -7,5% LfL (vs -9,9% in Q1), H1 at -8,7% LfL
Continuously improving LfL trend throughout the quarte… [+27852 chars]",0.0,0.04166666666666667,0,0,0,0,0,0
2025-07-25 15:44:35+00:00,Volkswagen suffers $1.5 billion loss from Trump's tariffs,"President Donald Trumps tariffs cost German auto giant Volkswagen about $1.5 billion over the first half of 2025, the company said on Friday.
Sales in North America plunged 16% due primarily to U.S.… [+2922 chars]",-0.6,0.05972222222222223,0,0,0,0,0,0
2025-07-25 15:41:03+00:00,Questions Congress Might Have for Ghislaine Maxwell,"Ghislaine Maxwell, the longtime co-conspirator of Jeffrey Epstein, may soon offer new insights to Congress about her knowledge of—and involvement in—the late financier's sexual abuse network.
On Wed… [+8625 chars]",0.0,0.11212121212121212,0,0,0,0,0,0
2025-07-25 15:39:00+00:00,"Wall Street Shiba Raises $500,000 in 72 Hours, Launches STIBA ICM Labs to Power the Next Era of MemeFi","SINGAPORE, July 25, 2025 (GLOBE NEWSWIRE) -- Wall Street Shiba ($STIBA), a next-generation memecoin bridging AI, DeFi, and Internet Capital Markets, has successfully raised $500,000 within 72 hours o… [+4522 chars]",0.0,0.75,0,0,0,0,0,0
2025-07-25 15:38:39+00:00,Sen. Ron Johnson Shares How He Thinks American Manufacturing Will Boost US Economy,"Republican Wisconsin Sen. Ron Johnson shared how he thinks American manufacturing will boost jobs and consumer trust in the economy Thursday during a Daily Caller Live event, presented by the America… [+2845 chars]",0.0,0.04545454545454545,0,0,0,0,0,0
2025-07-25 15:37:40+00:00,"After 7 weeks of painful scrolling, the Switch 2 stock shortage might finally be over, but I'm not popping the cork just yet","Anyone who's been eyeing up the Nintendo Switch 2 since the handheld's release will be familiar with out-of-stock signs. For weeks, it felt like US retailers just couldn't catch a break, as I watched… [+2842 chars]",-0.35,0.375,0,0,0,0,0,0
2025-07-25 15:36:25+00:00,"RFK Jr. Bans Thimerosal in Vaccines, Despite Experts, Studies Noting Its Safety","Truthout is an indispensable resource for activists, movement leaders and workers everywhere. Please make this work possible with a quick donation.
Department of Health and Human Services (HHS) Secr… [+4269 chars]",0.0,0.18333333333333335,0,0,0,0,0,0
2025-07-25 15:28:47+00:00,"Brazil scrambles as U.S. tariff deadline looms, talks stall","By Luciana Magalhaes, Lisandra Paraguassu, Bernardo Caram and Ana Mano
SAO PAULO (Reuters) -Brazil is scrambling to avert punishing 50% U.S. tariffs in a week's time, but high level talks are stalle… [+3613 chars]",0.0,0.16,0,0,0,0,0,0
2025-07-25 15:28:39+00:00,India-UK FTA will provide liberal market access for Indian accountancy professionals: ICAI,The India-UK Free Trade Agreement will provide liberal market access for Indian accountancy professionals as well as help in significantly expanding the volume of high-value professional services wor… [+1577 chars],0.0,0.2916666666666667,0,0,0,0,0,0
2025-07-25 15:28:39+00:00,"FTA with UK to benefit thousands of chartered accountants, firms: ICAI president","The India-UK free trade agreement is expected to significantly boost the flow of high-value professional services work into India, benefiting thousands of chartered accountant firms and professionals… [+1581 chars]",0.0,0.19375,0,0,0,0,0,0
2025-07-25 15:27:36+00:00,Baker Hughes to supply DRAs to Genesis Energy,"{ window.open(this.href, '_blank'); }, 200); return false;""&gt;Why is Intel planning large layoffs by year-end? { window.open(this.href, '_blank'); }, 200); return false;""&gt;How are US tariffs impac… [+736 chars]",0.0,-0.11714285714285717,0,0,0,0,0,0
2025-07-25 15:25:26+00:00,Tariffs and analysts: What to expect from Apple's Q3 2025 earnings,"Apple's quarterly results for the third fiscal quarter of 2025 are arriving on July 31. With ever-changing tariff policies affecting supply chains, here's what to expect from a traditionally quiet qu… [+8407 chars]",0.0,0.0,0,0,0,0,0,0
2025-07-25 15:22:27+00:00,How To Capitalize On Rise To New Highs,"So much for the Liberation Day selloff! Markets are rising to new highs and our MoneyShow experts have several ideas on how you can capitalize. Here are three.
Mike LarsonMoneyShow.com
What about h… [+5714 chars]",0.13636363636363635,0.12878787878787878,0,0,0,0,0,0
2025-07-25 15:17:57+00:00,"IVPA, IPOA sign agreement to boost productivity, sustainability in palm oil sector",The Indian Vegetable Oil Producers Association (IVPA) and the Indonesian Palm Oil Association (IPOA) signed a memorandum of understanding (MoU) at the IVPA conference in New Delhi on Thursday. The th… [+3178 chars],0.0,0.13636363636363635,0,0,0,0,0,0
2025-07-25 15:17:51+00:00,Kathmandu Destroys 159 Water Jars!  Is Your Water Safe?,"The monsoon season has arrived in Kathmandu, bringing much-needed rain, but also posing potential risks to public health. The Kathmandu Metropolitan City (KMC) is taking proactive steps to ensure the… [+2500 chars]",0.5,0.0,0,0,0,0,0,0
2025-07-25 15:17:42+00:00,Hulk Hogan's Real American Beer Flying Off Shelves After WWE Star's Death,"Hulk Hogan's Real American Beer is flying off shelves following the WWE star's death, and his company is hustling to restock retailers between New York, Florida and beyond.
Sources tell TMZ ... ""Aro… [+1915 chars]",0.0,0.04545454545454545,0,0,0,0,0,0
2025-07-25 15:16:57+00:00,Foreclosure Inquiries Hit 5-Year High — Here’s Why and How It Could Affect the Housing Market,"Foreclosure inquiries in the United States have been surging as more Americans fret about the potential impact of tariffs on the economy and the U.S. housing market could suffer because of it.
Read … [+3556 chars]",0.16,0.25,0,0,0,0,0,0
2025-07-25 15:15:11+00:00,Making Sense of the Performance Extensibility API,"25 July, 2025
Written by Harry Roberts on CSS Wizardry.
Table of Contents
<ol><li>Making Your Code a First Class Citizen</li><li>performance.mark() and performance.measure()</li><li>The Extensibil… [+15300 chars]",0.0,0.25,0,0,0,0,0,0
2025-07-25 15:14:34+00:00,"China Market Update: Profit Taking Caps Strong Week For China Markets, Week In Review","CLN
KraneShares
Week in Review
<ul><li>Asian equities had a stellar week of performance as Mainland Chinas STAR Board and Japans Nikkei 225 outperformed while Australia, India, and Taiwan were the… [+3946 chars]",0.4333333333333333,0.25,0,0,0,0,0,0
2025-07-25 15:13:59+00:00,"Bitcoin price, Ether today crash: Check BTC, Ethereum (ETH) price target, profit level","Bitcoin prices fell nearly 3 per cent on Friday. Bitcoin was down by three per cent to $115,259, Ether tanked four per cent to $3,596. Meanwhile, blockchain farm operator Bitfarms dropped 4.1 per cen… [+3018 chars]",0.0,-0.02777777777777779,0,0,0,0,0,0
2025-07-25 15:13:29+00:00,Tata Chemicals Q1 Results: PAT jumps 80% to Rs 316 crore,Tata Chemicals on Friday reported an 80.57 per cent increase in consolidated profit after tax (PAT) to Rs 316 crore for the quarter ended June 30.The company's PAT was Rs 175 crore during the corresp… [+1542 chars],0.0,0.0,0,0,0,0,0,0
2025-07-25 15:13:16+00:00,Transpacific and Asia-Europe Spot Rates Soften Despite Looming GRIs,"By Gavin van Marle (The Loadstar) – 
Spot container freight rates on the transpacific and Asia-Europe trades continued to soften this week, with no general rate increases (GRIs) or peak season surch… [+3225 chars]",0.0,-0.02500000000000001,0,0,0,0,0,0
2025-07-25 15:08:55+00:00,The D Brief: Double sub production?; Shipbuilding ‘cobots’; Army’s unassigned tech-execs; Border SITREP; And a bit more.,"The U.S. must double its sub production, CNO nominee says. We need a transformational improvement and the ability to deliver twice the capacity that we're currently delivering in order to meet the ne… [+10072 chars]",0.16666666666666666,0.0,0,0,0,0,0,0
2025-07-25 15:08:11+00:00,Baker Hughes to supply DRAs to Genesis Energy,"Energy technology company Baker Hughes has secured a multi-year agreement with Genesis Energy to supply drag-reducing agents (DRAs) for two vital offshore oil pipelines off the US Gulf Coast.
The co… [+2624 chars]",0.0,0.1,0,0,0,0,0,0
2025-07-25 15:05:00+00:00,U.S. Sanctions Firm Behind N. Korean IT Scheme; Arizona Woman Jailed for Running Laptop Farm,The U.S. Department of the Treasury's Office of Foreign Assets Control (OFAC) sanctioned a North Korean front company and three associated individuals for their involvement in the fraudulent remote i… [+3598 chars],-0.30000000000000004,-0.1125,0,0,0,0,0,1
2025-07-25 15:02:42+00:00,US stock market rallies as S&P 500 and Nasdaq hit fresh records amid earnings boom and Fed rate cut hopes,"U.S. Stock Market stays positive amid strong earnings and fed speculation- On Friday, July 25, 2025, U.S. stock markets continued their upward momentum, with the S&amp;P 500 and Nasdaq Composite inch… [+8889 chars]",0.3,0.33030303030303027,0,1,0,0,0,0
2025-07-25 15:00:54+00:00,"Crypto Founder Reveals What Will Drive Ethereum Price To $10,000","BitMEX co-founder and crypto investor, Arthur Hayes, has outlined the key catalysts that could drive the Ethereum price to a $10,000 all-time high by year-end. In a detailed market analysis, Hayes ex… [+3049 chars]",0.0,0.18666666666666668,0,0,0,0,0,0
2025-07-25 15:00:07+00:00,"As Happy Gilmore 2 Hits Netflix, Critics Note Adam Sandler’s ‘Moronic’ Comedy And Emotional Story But Don’t Agree On Whether He Sinks The Putt","Adam Sandler absolutely crushed it with his 1996 sports comedy Happy Gilmore, which decades later is still beloved as one of the best movies of the ‘90s. That makes its sequel, Happy Gilmore 2, both … [+4760 chars]",0.23333333333333336,0.5333333333333333,0,0,0,0,0,0
2025-07-25 15:00:00+00:00,'People hate it. It's very annoying. It's like a boss in Dark Souls': Quarantine Zone's biggest source of negative feedback is that damn supply cart,"Along with a million wishlists, the demo for zombie apocalypse management sim Quarantine Zone: The Last Check got a lot of feedback. The demo was massively popular when it launched in May, and linked… [+2286 chars]",-0.5625,0.3,0,0,0,0,0,0
2025-07-25 14:59:51+00:00,"No breakthrough in Istanbul, but Erdogan is holding the door","The third round of negotiations between Russia and Ukraine, held in Istanbul, lasted less than an hour – barely enough time to suggest progress. While both delegations arrived with talking points, th… [+6115 chars]",0.0,-0.09166666666666667,0,0,0,0,0,0
2025-07-25 11:19:33,Clarithromycin Prices Set to Surge in July 2025 Amid Global Supply Chain Disruptions and Rising Demand - ChemAnalyst,"<a href=""https://news.google.com/rss/articles/CBMiywFBVV95cUxNU0YzWTk5T1dwNC1wQkZFeGJlVi16UGN3aVdLR1ktUm5Rc3VwMXFPZ3NWanB4UDdhLUNpd2ZmVnRPaWhmQzl0d2VLNmdOUjBadC1Sak5PUUdReUp3ZjdCNzlsX0MtemtvOG9rdm1kS24xNEwwM21sclhjTmpuclh1OW9KYXpDM1UyN1JNUGJ2dENhZjhRS3duTVB3SDMtMkFYV2REeW9INHY3bmx5NTFvM1JOVG84RmZXWkVZMnVNX1pKcWpvY2cyX1RWRQ?oc=5"" target=""_blank"">Clarithromycin Prices Set to Surge in July 2025 Amid Global Supply Chain Disruptions and Rising Demand</a>&nbsp;&nbsp;<font color=""#6f6f6f"">ChemAnalyst</font>",0.0,0.0,0,0,0,0,0,0
2025-03-28 07:00:00,The Biggest Global Supply Chain Risks of 2025 - Xeneta,"<a href=""https://news.google.com/rss/articles/CBMifkFVX3lxTE5JT3Q4TmpSb3UxaTJBcnNkX1p4WUdtYXkzb0dsS0luUWU5Wk5TUzRrdVpJbUM5WE5SZ2hRM0tHNFVGWnVvVWhRUEpfLThxQUNKQXY1eVBiTkRHVHlrdklWMW9vdVliR1BoRWhtYkNfcW9rSFZOQ0lvMHZqZnVvUQ?oc=5"" target=""_blank"">The Biggest Global Supply Chain Risks of 2025</a>&nbsp;&nbsp;<font color=""#6f6f6f"">Xeneta</font>",0.0,0.0,0,0,0,0,0,0
2025-04-12 06:28:27,"Investigating the mediating roles of inventory management and supply chain disruption factors in logistics performance – An evidence from the construction industry from Coastal Karnataka, India - ScienceDirect.com","<a href=""https://news.google.com/rss/articles/CBMidkFVX3lxTFBHN3ZXTmVMelIwMnJNc05ZUUVRVjVUMkNfODVRdmJhMDFubmJsNFRTU1FjMkFRYko4ZWpJSjFYWDdiamNYRzh1T3RDei1sU3JYeEpHYlU5MnN3NDhtU2MwNzJHOV92c1YxZjZoTmVMb3hjR2ZXemc?oc=5"" target=""_blank"">Investigating the mediating roles of inventory management and supply chain disruption factors in logistics performance – An evidence from the construction industry from Coastal Karnataka, India</a>&nbsp;&nbsp;<font color=""#6f6f6f"">ScienceDirect.com</font>",0.0,0.0,0,0,0,0,0,0
2025-06-24 07:00:00,Middle East Supply Chain Disruption 2025: A Guide - Gartner,"<a href=""https://news.google.com/rss/articles/CBMie0FVX3lxTE0xbFNDUEs5bUhlTWlFM0t2SlBXWVlwa29veEtpTG9VSnNLZkp4UXVKdnpBZnBGdkVXMzBUMUpOYXVwQ1EweGgwMS1zbDJtR0o2UzlaTVN3Z2FYcTJ2OXpkNmY5aWFZWXpMVldtZzdJcFZBMWdDaF9NWGNGVQ?oc=5"" target=""_blank"">Middle East Supply Chain Disruption 2025: A Guide</a>&nbsp;&nbsp;<font color=""#6f6f6f"">Gartner</font>",0.0,0.0,0,0,0,0,0,0
2025-07-10 13:58:08,Managing supply chain disruption - Dentons,"<a href=""https://news.google.com/rss/articles/CBMilAFBVV95cUxQZ1ZEZGlJbGhaRm5EdGRvaDZYc0Q1c2llNnpCX0d6MmVYbjAxdVhGRFRaY1NZNXg5OTZyRjBoWlh0ekJFSjhOcC0xNlRQcko2bGhYLUlXZDlsc2c1TlhfVmNSSkpaRWo0TUZTMnBlMi15QkJmRXZEUmYxbWEwbE9UZDR0N1hucXB1WVkzeS1nRjhJakdF?oc=5"" target=""_blank"">Managing supply chain disruption</a>&nbsp;&nbsp;<font color=""#6f6f6f"">Dentons</font>",0.0,0.0,0,0,0,0,0,0
2025-02-26 08:00:00,India must seize global supply chain disruption as opportunity: Amitabh Kant - The Economic Times,"<a href=""https://news.google.com/rss/articles/CBMi1wFBVV95cUxObjdSQzQ3M29lMElOMF9aeHpMbkc4TlhyVm9jdzJkZU9hZG5ram5wRUR0cklMSWliNll6a1Zad1BaNjFhWF9zbVNsa0hjVkh1VVlJS2lZVVI5ejVpQ042YUJOZmNUMWEzcGdDUVJnV2N1dEZsTk41QXdnN2wyckRIbG5xa3UyX0VvVmNQeWJmVE1LWHVqbDNub09VcjB2eXdyMDlBcFJwUHlGOHoyQnVKMEVHX0h0bjZITEpHOGxwYXFRbk5hb1NrZmJ1ak80Q1pIN0ZrUG10b9IB3AFBVV95cUxPVXp3QV92LUxJMmFpTGxObEtYcDgyZ3dDZlN5Zk9Wc0huSDBncHNPN283OVU0dlRxN1lmS1NIcHVrS216bXZXMzNfbTQzRXhOSURmSVNiOUxQSDhfQlhGLTl3U1IxSldTYzNvMmxJbTEySzRYdnR2WUlmZGtqTjN4VmFDdWR0WF96ZEZiZTYtYUN6UjJ1Z1dCSXBOMnFvanh0SC1aQ0dnN3pkQmFiSWhqR0JSNURRVkxwMjNKNkgxejRUa0sxMGttT0R1MG5tTEd1MXpxajVTU1NxbndK?oc=5"" target=""_blank"">India must seize global supply chain disruption as opportunity: Amitabh Kant</a>&nbsp;&nbsp;<font color=""#6f6f6f"">The Economic Times</font>",0.1,0.06666666666666667,0,0,0,0,0,0
2025-04-25 07:00:00,"Supply Chain Disruptions: How They Happen, Industries Affected, and How to Manage - Inbound Logistics","<a href=""https://news.google.com/rss/articles/CBMivgFBVV95cUxNam5ucEdmRjdydGxfeE1Sc2w3YkVqbWd6dVFIdlptTzNQS0pWWHFtY0tHQXVqYnIwTnJWX3ZlNFlmSnNMbTF0QTJqajdqZTZZQ25uUnE0OW95Q2sxalo1ZlIzTnVRYURDeFplX0FGcUZJbllTY3ZjTzNkRTFhZWlnQW12R0Y3aS00RjF6LWc1WG51cWVlZ3VmZUhTTk1kTGVUeW5ZVTRRUG1aSEJZNjAxZllWelVJUnJraDM3RXJ3?oc=5"" target=""_blank"">Supply Chain Disruptions: How They Happen, Industries Affected, and How to Manage</a>&nbsp;&nbsp;<font color=""#6f6f6f"">Inbound Logistics</font>",0.0,0.0,0,0,0,0,0,0
2025-07-18 05:55:16,Outsmart Disruption with AI: Three Strategies for Supply Chain Resilience - Supply Chain Brain,"<a href=""https://news.google.com/rss/articles/CBMi0AFBVV95cUxQUWdubmo4NEJUWVNhdE52RldIQ0Q4TzQ1LW9UU01XX2pnTHZ1Z05qcHlpN0F0dEp5WHJOenFqRGFSRW1QWU5FbnluNlhFSlJTbmsxYWpmUnNJcnU4OEU2aW85ZU9FQWRBdGRLeTk0R1d4aWQwWlFnSmJld003TGRsblk4eXFiT1hMR2ZqYU9IUTlWTGdCZW5kRXdnQWJtWTBPLUhNeHpaWXFKQmpjcFRnaUtzSW91ekFKcDg2aXNsdlhwWTBXTWkzeFV0MkhUV3hD?oc=5"" target=""_blank"">Outsmart Disruption with AI: Three Strategies for Supply Chain Resilience</a>&nbsp;&nbsp;<font color=""#6f6f6f"">Supply Chain Brain</font>",0.0,0.0,0,0,0,0,0,0
2025-01-09 08:00:00,Leveraging digital tools in the age of supply chain disruption - The World Economic Forum,"<a href=""https://news.google.com/rss/articles/CBMikAFBVV95cUxOSHktR1U0UHhKSzg3dE8wWmJxcDZNZFhuNWhfWTUzd1paanE4SjhKN2dfWjZDMFUwbU1PX2wtRjlCeDg1VEdGRVhYUlNRUGR4TlRJTktXYTF6b3BQeU1aNGdVRlZiT2RweUg4VjNSXzVYYnJWa1NVdlhrU3UxbzFlem84QVJWdUp3bU1fcWs5ZG4?oc=5"" target=""_blank"">Leveraging digital tools in the age of supply chain disruption</a>&nbsp;&nbsp;<font color=""#6f6f6f"">The World Economic Forum</font>",0.1,0.06666666666666667,0,0,0,0,0,0
2025-03-17 07:00:00,Supply Chain Disruption 2025: A Perfect Storm Looms - solutionsreview.com,"<a href=""https://news.google.com/rss/articles/CBMirAFBVV95cUxQcEM2MVZES3FmeDhvZlNaWHN5czNsVENldmtkYlctbUdZRXhld0N3ejdQN1NUVXVTQWVEY1gxTmFfYTU1ZDhIMGgweWdIYkhMQkNrTXFRdnQ5eXFNZjJ5VVI0ZHpQNXRMOVhBOXQzeUpoWkNNX0wxVWJrUEdQN1VBNU1idnUyZG1vRG1YRzFaNk5YODl2QlJ2WjhKcjJNVWhhajRCcnRRaDlkY2ly?oc=5"" target=""_blank"">Supply Chain Disruption 2025: A Perfect Storm Looms</a>&nbsp;&nbsp;<font color=""#6f6f6f"">solutionsreview.com</font>",1.0,0.5,0,0,0,0,0,0
2025-07-23 13:33:28,Stay Ahead of Supply Chain Disruption: Register to View This Essential Livestream on Integrated Logistics - ACCESS Newswire,"<a href=""https://news.google.com/rss/articles/CBMi5AFBVV95cUxQSzNiNUFCMzJEWW1WSmFxNU1OVnFIUDhFUVlwVDBGckVfa0pvRHVyWlNsQVg2bXpQZlNhWU11QnBsYTQzMUNPRTNBMDJVS1BEUGNVUWdnblBJU1lmVHFITjJqRnR3eDctcU1nLXRiOVR0Y19RbEVuSThDbUZRa0c0RndzZVJjdVA4SWI2U0o2cVZEaHQ5QVN1YlhEcnBaYnRLY3oxcE1PSGR4Z0NLVmVYS05heUpSNXlMYWJkZFQ4UVc0d2ZBRDlKWG9SWW1vNS1nNzBMTXVEejRUaThrTnV1SVZmVXQ?oc=5"" target=""_blank"">Stay Ahead of Supply Chain Disruption: Register to View This Essential Livestream on Integrated Logistics</a>&nbsp;&nbsp;<font color=""#6f6f6f"">ACCESS Newswire</font>",0.0,0.0,0,0,0,0,0,0
2025-05-23 07:00:00,How AI & Analytics are Transforming Supply Chain Resilience - Supply Chain Digital Magazine,"<a href=""https://news.google.com/rss/articles/CBMipAFBVV95cUxQM1V0STZzZ0REVHdNTDZ6S3R3R19FREJrUDBSeVQ3dng2VUlBRUFhTEhCRklMSGExdHhlaHZIM2hWYXhOQWg3Sk1OS3ktRHFNRHpCTnNreU16T1JoM1lCV0JqUFVHd096U0l4UGpWdjl6MjdPVV9XcUtIbDhsX0pxLVhRbE51Q3hoNnlMN3V4Q1F5OTZSSEFPZGpnR01ZbE1WLUt5SA?oc=5"" target=""_blank"">How AI & Analytics are Transforming Supply Chain Resilience</a>&nbsp;&nbsp;<font color=""#6f6f6f"">Supply Chain Digital Magazine</font>",0.0,0.0,0,0,0,0,0,0
2025-07-07 15:56:47,Navigating Automotive Supply Chain Disruption: Insights From DP World’s David D’Annunzio - CSRwire,"<a href=""https://news.google.com/rss/articles/CBMitwFBVV95cUxPc0czSGkxYjl6NHU0aml4YU5vNDF1c2RMVmNqTTl0R2NkMC11M0NJcm9HcmNYUXpaeklaN2s2NEZxNnVUcGZJYnI1ZHZwMVFyaU51VTNBalBkbHQyWE9zNGpzd2lhNG9zQ0FRcGVRNXVmTXphclpfWmxUS01lcnJpanFvM3RZT2ZvanBla2dUNHRKLVBSck9Uc1FIbnhiQ0NVOUpib2g1ajcxMlEzOUVVd2xYSTFyaTg?oc=5"" target=""_blank"">Navigating Automotive Supply Chain Disruption: Insights From DP World’s David D’Annunzio</a>&nbsp;&nbsp;<font color=""#6f6f6f"">CSRwire</font>",0.0,0.0,0,0,0,0,0,0
2025-07-25 06:18:30,Bajaj Auto Faces EV Production Halt in August Amid Rare Earth Shortage: Reports - Autocar Professional,"<a href=""https://news.google.com/rss/articles/CBMitwFBVV95cUxOdk9fMUNxM2w1eGhQY05jZmVCWGl0MTMzeUpuZ2I1Y1Fvb01XaU1zbjlOSC1lcnpjOVpKWWNOTmtaZkVhbzd0Tk5SR0pyM2R3TmNMUktPY3hUQi1zV3dBUEpQSFZ6Tm9lUlpEZ0s5UGRrcGhrNjNCcExsRXB5akJBR1I0Z3JCSUY2TFQ2cWVCM25WNWpnVjJNYlk4eWlheXVaWDZmV09Cb2xXNm9JT0ljMDN2WlFpR3PSAb8BQVVfeXFMTjFtekxpcTUwYnJHSDgzVnhfcnZOUDZ6c2oyYi1xck5Ta3QxYy11U2ZRT1RlU251MGVDOVI0Z1FNb0lpZExfYXdkbUZqODZqdmp2UHZGNXRabHNEb2dSek9lRXB6a0dTZE5Jb2dwT2pmdFhRd1dyQ1VGX2JKQmFBd1FyRXUyRlhPQmN4Z0Fqb3dNSm9BVENEc3AwTk94eDFmcVBWSlRVV1ZmTjIzQVBwVHNVRzdON081eXF5U1QzMUk?oc=5"" target=""_blank"">Bajaj Auto Faces EV Production Halt in August Amid Rare Earth Shortage: Reports</a>&nbsp;&nbsp;<font color=""#6f6f6f"">Autocar Professional</font>",0.2,0.15,0,0,0,0,1,0
2025-07-01 09:02:56,The New Normal: Building Resilient Supply Chains in a World of Constant Disruption - Maersk,"<a href=""https://news.google.com/rss/articles/CBMisAFBVV95cUxORWZHazZOWTFld0NSb3NKWGxDMzdqVEFBRXRkZjJsRDNmNmd3QnVVc2JNRWVyVGt1R0JkdjJXaFdyRlhxd1U0UDN4MkZKbV9sYU5DNjBfMWFUb3hpSXhXUmx3d2hQSUk0QUNvSEtfWUdLQVhzb21BWkI3SERubUphdXFiN0FIZTU4dVBxRmRvMEplQ0JWTjBnV3FkdXUwU29pdUQzWE4ydWlaQUhCajFGag?oc=5"" target=""_blank"">The New Normal: Building Resilient Supply Chains in a World of Constant Disruption</a>&nbsp;&nbsp;<font color=""#6f6f6f"">Maersk</font>",0.09545454545454546,0.0715909090909091,0,0,0,0,0,0
2025-07-25 07:06:18,"87% of Companies Boost Sustainability, Despite Regulatory Debate - Material Handling and Logistics","<a href=""https://news.google.com/rss/articles/CBMivAFBVV95cUxOamFTeGVCbmI0ZkRDOXR2WExrQjdMZ1A1ald1ZnFDZWFQTlhvMGs4V3U5ZG1HcEJJSmdTdmllMDhLQXdoMk5RbTlON2ZseXkwS2Z4cFNkVlFYNmpMYnlhcFR3TkZIWWxxTnlSaEZ1LVpoNmdUSUF4dDBReTdWUFVlTC1fSGZxYnduTmxoWGZEVkYxRmxBRmJxelNyM01rQXhUXzB0RURmdWk4azVUUlN4cGYzbzdwSExwV2FhYQ?oc=5"" target=""_blank"">87% of Companies Boost Sustainability, Despite Regulatory Debate</a>&nbsp;&nbsp;<font color=""#6f6f6f"">Material Handling and Logistics</font>",0.0,0.0,0,0,0,0,0,0
2024-12-21 09:55:17,A multi-disruption risk analysis system for sustainable supply chain resilience - ScienceDirect.com,"<a href=""https://news.google.com/rss/articles/CBMidkFVX3lxTE5IRXFkMFBwbHpCTlZJT29TRWFvTFlWOXZMMUF5OTFWM215cHVFclZTb0xWM0VpZGxXYkJMYmZzVWt5Z3VBX3VDQ05DQjI4T1MzeDlneGs3X0RxS3JWaGVQOGktcW05TjhXNXo3RVVDNnJmYS0zS2c?oc=5"" target=""_blank"">A multi-disruption risk analysis system for sustainable supply chain resilience</a>&nbsp;&nbsp;<font color=""#6f6f6f"">ScienceDirect.com</font>",0.0,0.0,0,0,0,0,0,0
2025-07-25 11:32:49,Moody's: Andrei Quinn-Barabanov on Value at Risk - Supply Chain Digital Magazine,"<a href=""https://news.google.com/rss/articles/CBMia0FVX3lxTE1zV0lOUGNfT1VrcFRwUFNKWEpSNTVWeXgtU1FmSkdfT1FoQWY5dV84cEE4OEFaN2tHVmM1eDl6d0FQbC02UkNqUHc0MnJVNDJNb0F4bDk4RXp4NnJ4bkhWZDRlcEJQNEx3RHRJ?oc=5"" target=""_blank"">Moody's: Andrei Quinn-Barabanov on Value at Risk</a>&nbsp;&nbsp;<font color=""#6f6f6f"">Supply Chain Digital Magazine</font>",0.0,0.0,0,0,0,0,0,0
2024-12-24 08:00:00,"What to Expect in 2025 – 3 hurdles to resilient, antifragile supply chains - Maersk","<a href=""https://news.google.com/rss/articles/CBMiwAFBVV95cUxQLVRjTktqUmpEYzhjeGg0REJseE0zN0JabGZkdGYxUzJxT2l4dEh1MUloRkpMT1JxeFU2enl6d3lhZ0VNUUFnUWtub3lJb2NEMnFBUjlZcVRpOGtOT1l1b2NPQm1rMDVyVjY4RjBrVnVRdjNjYjRoZEQxNlZSaEQxbWNkMzFEeEk4REFidU5uODhwd3lycGdPaEo1aFo5UWt3WjFPMWdfUGtkSzR4UVNJTUZQSm0xdkxiWk1hZER1U28?oc=5"" target=""_blank"">What to Expect in 2025 – 3 hurdles to resilient, antifragile supply chains</a>&nbsp;&nbsp;<font color=""#6f6f6f"">Maersk</font>",0.0,0.0,0,0,0,0,0,0
2025-03-07 08:00:00,Global Coffee Market Volatility: Lens on Supply Chain Disruption - ChemAnalyst,"<a href=""https://news.google.com/rss/articles/CBMivwFBVV95cUxQSlVzNndXanJXZnlzcFl4QWRycnR2dUxKTmhaci1jU1p1VW45UTR0RTRMTk9MSGNveFE3ZEVmOVN1TXprSFlwN1hOOHY5TzFhdGNrOWd3SWRuUklVWWZ0ODdGYXh6QjB4WlBJbnJmdDBTVVBtREhOTllCZDhmUEtCbmJuQVIxbnV6TTZHMkFyZTdGemNJNF9fQ016alhzR2ktWGxRNFBGallTM01NemdtY3dkZkRWb1ZaaGd1dXY0OA?oc=5"" target=""_blank"">Global Coffee Market Volatility: Lens on Supply Chain Disruption</a>&nbsp;&nbsp;<font color=""#6f6f6f"">ChemAnalyst</font>",0.0,0.0,0,0,0,0,0,0
2024-10-14 07:00:00,Supply chains: Still vulnerable - McKinsey & Company,"<a href=""https://news.google.com/rss/articles/CBMijwFBVV95cUxOZDc0TEl5Q0NQLU9Qay15cVpnZ0EzVFJ2elhDU3FqODlMR1ZpaGNNM3N3bDFCQWpIcS1NeVdFeVgwQjVPYzY2SnlrQ0RId0J6WS1mSWdQYmIzZGczeG9NVzNEQlYxMHUyYlltLW1CSlA5clNqMnV6QUJydDZOaFdBc2dfZVVnV3BhclZHTXgxSQ?oc=5"" target=""_blank"">Supply chains: Still vulnerable</a>&nbsp;&nbsp;<font color=""#6f6f6f"">McKinsey & Company</font>",-0.5,0.0,0,0,0,0,0,0
2025-06-05 07:00:00,Enhancing supply chain resilience: Key strategies to thrive in disruption - Maersk,"<a href=""https://news.google.com/rss/articles/CBMikwFBVV95cUxQakQwT05XMG1hd2lXWWFValpPSE5RbnM5MmNpd3BiNDROZmIwZGpMaVpaalZJQmp5NTZUbGJ2R1RVQ1ZyRjlhMlQ4ZDE1VEtZVV9hem9aV3NmWVR4MG5mcHFob1dqbmxSem9SZzFYTFprWi01TXRWNzVhNUlOTDNIc21sdlItVVppQkY1Nk9CZVhYd1U?oc=5"" target=""_blank"">Enhancing supply chain resilience: Key strategies to thrive in disruption</a>&nbsp;&nbsp;<font color=""#6f6f6f"">Maersk</font>",0.0,0.0,0,0,0,0,0,0
2025-07-22 04:00:00,U.S. Container Volumes Set for Sharp Reversal on Tariff Disruption - Supply Chain Brain,"<a href=""https://news.google.com/rss/articles/CBMisgFBVV95cUxObmNhOHJETmlYUjkzUk9DTlRRc3lndkc5UnZya1NlVUNBVk8zODlGQmROeEtDUjlrM3lNYWdoTDZURk1NQXkxT1ZVSW40WkswWkJ1NHM0SWx2VGp3QTZCYWE1Y0dCU2l6eWRvRkhmZDZ0cGRuR0JtOUVKdU1fVTM0dGtlMmRvRDd1Zi15R3dXdlpycEo0aGxMZW94S1k1VE05UWhpYm50N2tGaXVDdEJ3ekpn?oc=5"" target=""_blank"">U.S. Container Volumes Set for Sharp Reversal on Tariff Disruption</a>&nbsp;&nbsp;<font color=""#6f6f6f"">Supply Chain Brain</font>",-0.125,-0.0625,0,0,0,0,0,0
2024-11-05 08:00:00,3 out of 4 European shippers have experienced supply chain disruption in the past 12 months – more than half with significant cost impact - Maersk,"<a href=""https://news.google.com/rss/articles/CBMiwgFBVV95cUxNRkg1ZS11c2tSbW9hSDdTWWVqUlVNVlN3S25JY25xa05KaDJIYUkzTHhzbUxXeEg5T29jQkxoaDgzTXdHLUYzdFRaWkRvRTJaZ0VmY0VVcGVmN0ota2x2OE5zY1lJTFh2c25GUFEtTzZMZjRTd05FSUphX0VBcTV5cWxhQlh0WE9nVjRMb2hvc3pyTDIwOGxMd25NUGNCZVp6S0xMdmxKcHlpcDA2a0JzRmxQUjNqME45NXVSaUV0U0xkUQ?oc=5"" target=""_blank"">3 out of 4 European shippers have experienced supply chain disruption in the past 12 months – more than half with significant cost impact</a>&nbsp;&nbsp;<font color=""#6f6f6f"">Maersk</font>",0.20972222222222223,0.17976190476190476,0,0,0,0,0,0
2025-03-28 07:00:00,Inspectorio Explores Supply Chain Disruption in 2025 - Supply Chain Digital Magazine,"<a href=""https://news.google.com/rss/articles/CBMipAFBVV95cUxNWVdidFhQZ2VzNzVCMGE5cHc1VWExZ1pnWnZJYmFobU1SbWVrMHdNZ0RKbUUtTG1oWFRsS19vWkp0RzJ1akN5Q215NFA1NlZnc3lveERiTGI5dUxNMFJHOVhRNGZWcksyZE8tNmhlZUxBUUpCUTYteFpFdk9tU1hZdmd1V0dkemJieklwa1F3TmVNM3NSN0k5V040dnpaendIRGYybw?oc=5"" target=""_blank"">Inspectorio Explores Supply Chain Disruption in 2025</a>&nbsp;&nbsp;<font color=""#6f6f6f"">Supply Chain Digital Magazine</font>",0.0,0.0,0,0,0,0,0,0
2024-12-19 08:00:00,Enhancing supply chain resilience amid rising global risks - UN Trade and Development (UNCTAD),"<a href=""https://news.google.com/rss/articles/CBMiigFBVV95cUxPUzZQUF9ieFJ4X0pzNzFLZnV1c0JSWmZvSEJ1dVBxUW9kNnp3TzBVc2RxbjkxVFJOc1d0WUM2clc3cjhSS3FUUmx2ek1hTFRtWm94SnB4blBUV2RXZXRBQW1nNGMtX3JlZHZISWk3NkdWejNCWXd6LWdoYktaZVFKMklFcFZxZFNIYXc?oc=5"" target=""_blank"">Enhancing supply chain resilience amid rising global risks</a>&nbsp;&nbsp;<font color=""#6f6f6f"">UN Trade and Development (UNCTAD)</font>",0.0,0.0,0,0,0,0,0,0
2024-10-02 07:00:00,Latest BCI report reveals escalating supply chain disruptions drive increased tier mapping and insurance uptake - The Business Continuity Institute (BCI),"<a href=""https://news.google.com/rss/articles/CBMiqwFBVV95cUxPbnE2M2dGVS02NGllbk5Xa1ZDVjV3eGZWTFg2UkhSdV9hN3Q0MmpsaTRhcXFQb2h4WE1ta1ppVkptenJUdjJiVUJ0Uk1YazJUbjRaZndPM3cwNDg0OGtHWW1GMnNNemtqRklwb0FGMlZmZTZDcXVZejktZ1dVX0V0M0VaT0lhbk5pSVN3T3pYdS1XS3JPRERaUXQ2ZGwwWHVzNXVtU3p0bF8yeGc?oc=5"" target=""_blank"">Latest BCI report reveals escalating supply chain disruptions drive increased tier mapping and insurance uptake</a>&nbsp;&nbsp;<font color=""#6f6f6f"">The Business Continuity Institute (BCI)</font>",0.5,0.0,0,0,0,0,0,0
2025-05-22 07:00:00,Navigating tariff-driven supply chain disruptions - RELEX Solutions,"<a href=""https://news.google.com/rss/articles/CBMilAFBVV95cUxNajdrbTJBR0JUM2pmMzNRYUZ2b3BxbENIcTJNeVNCTWJWOTlGMWg1d0llT0JyLTdZLXlIZFR5VkRKUXRvMWRQTG5CSlIyV0JNSkxmU0t1aXMyTllEUzg1eU01MEhlYmQ0T24xQS1KdWVicWhGOHF4RVhWaER6S2xmRjBXYUZlQjYyeVc2QUl6UG1fRUUt?oc=5"" target=""_blank"">Navigating tariff-driven supply chain disruptions</a>&nbsp;&nbsp;<font color=""#6f6f6f"">RELEX Solutions</font>",0.0,0.0,0,0,0,0,0,0
2025-07-25 19:02:59,American Air’s New Airbus Jet Grounded by Supply Chain Issue - Bloomberg.com,"<a href=""https://news.google.com/rss/articles/CBMisAFBVV95cUxQMmFBMTRaeTVkY0h5SlF5Vk5PSVBmVC1Oc0tUaXA3R3VQWWVJYXNYSE50YndLVnZSVEdnbDB4dmxDeWVqNnhEUTVpWGJOTWZZbHU3RHVaZUh4bEE5MmdvTWx1ZC1PS3VSLUhUWDJjZWlwRm5lQnR3cFRTdUZFVFJSVWh0QnZiS0xuN1pSTGkwWkt5LU9SSlJWREQxXzEtYWtTM3lnRWxqOXFULWMtamlDOA?oc=5"" target=""_blank"">American Air’s New Airbus Jet Grounded by Supply Chain Issue</a>&nbsp;&nbsp;<font color=""#6f6f6f"">Bloomberg.com</font>",0.06818181818181818,0.06818181818181818,0,0,0,0,0,0
2025-04-14 07:00:00,"The global supply chain’s reaction to the Trump tariffs: Crash, maneuver & stand-by - Thomson Reuters","<a href=""https://news.google.com/rss/articles/CBMijgFBVV95cUxOaTVjallwZUhPdTRoVzNIUXlFMVZhbzE3X1E2eEJCSWNmR25Fb3g4UFZ6QUl0SFBsNkpkdjd2cE9fbWVsb2pITEJ1MUJidnlWa09ZdEV6SXVRNUZod0YyVWlYMlRuckoyM05MRDdiVVNuNG9CWGloLXAySWZkX0hMeGZFYmJvYmRsNjI0bGln?oc=5"" target=""_blank"">The global supply chain’s reaction to the Trump tariffs: Crash, maneuver & stand-by</a>&nbsp;&nbsp;<font color=""#6f6f6f"">Thomson Reuters</font>",0.0,0.0,0,0,0,0,0,0
2025-06-03 07:00:00,Diversify critical mineral supply chain or face disruption: IEA - Times of India,"<a href=""https://news.google.com/rss/articles/CBMi4gFBVV95cUxNU1VNRzRsQXVYVFNJUXlmVlBGLTZkTElPc2pEME5GZjBhbzV0MGl1NDJTb1h3bkJ3cDRSZl8ySVN5TlRxN05pS0QxNk93U01FOEtkclVUelhKRnhaRzF0c1RHd0VJQU4zMUJTMmJmdFpQbURxcVdJaUZlLVJodmstYk9Ocm8ybHhVN192REhIRm83UkJONnVTSTJJV1NURmdSZVg4aFFMQ1R3SXMtLS1hdXYwNTlwNmZ3dHNNRnV5NnowVHExeFJ1Z0IwMGpCcXg5MkRFSFdrTERLZ2Q3SUctQ1FB0gHnAUFVX3lxTE5Tc1YxMmhsc0pScThBWnVLOG1RTUx6RXhWWkpOV0loUEN4M1Y5WWpRZ3BQVHJGTHB2QVRzd0JqOTlsODhLb2FlT0N3NVR3czNNNFdkclNYNHFwUGdFMVp2d21jYVk5Sl96S0pIbUcyOFprSUZHNFJqUUQwMUVVcFZ4ZW0wMHRDVTZkOHhYeVV1Z3Fmalh5SmRHbW5NZm96Q3lnZWFabm5zeUZGMHhqM0pmR0Nqam02Z1A0bm1ZWjQ5UVhXZHFuYU1vcUtHWTZSYXBpcElUaXNxWXo5SmtsMTAweUNWQVRNcw?oc=5"" target=""_blank"">Diversify critical mineral supply chain or face disruption: IEA</a>&nbsp;&nbsp;<font color=""#6f6f6f"">Times of India</font>",0.0,0.0,0,0,0,0,0,0
2025-05-21 07:00:00,Supply Chain Resilience: The Path to Antifragility - Gartner,"<a href=""https://news.google.com/rss/articles/CBMia0FVX3lxTE5vdzJ6d2JxaWtGcXl1QUtCT3NDOWd4SjNncXBJMkdVY1RBWUpzWC1YeEh1M3o5dFlJRFl3bzEwUVVBUzhLYnNUMC13Z25IREdNel9XZG1QLUcycHJ4UktwV0s0ZmFQblpoR1d3?oc=5"" target=""_blank"">Supply Chain Resilience: The Path to Antifragility</a>&nbsp;&nbsp;<font color=""#6f6f6f"">Gartner</font>",0.0,0.0,0,0,0,0,0,0
2025-01-16 08:00:00,Supply Chain: FDA's Role - fda.gov,"<a href=""https://news.google.com/rss/articles/CBMilgFBVV95cUxOaS1oOUZXVGltTVhaY3I2RHRYT2hkYWZHYkdTRG5HTkVWWjVxMy0zX280eHFoN2tTN2FLOVVvbEhPcm5mWXZoQ2xMcHl3QXhNZUtVYnBTSGVpRXJrUFQ3SkVEQ3NCbXJWRWRZQ2dKdE9kWEVJRHpyMUpfTXlzclp2UFo1NTZfWkV0NExWODVrdmtsVzB3R2c?oc=5"" target=""_blank"">Supply Chain: FDA's Role</a>&nbsp;&nbsp;<font color=""#6f6f6f"">fda.gov</font>",0.0,0.0,0,0,0,0,0,0
2025-05-27 07:00:00,Supply Chain News Roundup: Employ ‘Plasticity’ to Respond Ahead of Disruption - ISM,"<a href=""https://news.google.com/rss/articles/CBMirgJBVV95cUxNUUZwWVlyZkR1Qkh1cXhsRWIxNlZfSWZTdmFfZFN2UkdaSzZvZGZZQ2JDWHV4Q0hxbGR1dmptblV3VzdJdnFRemhMbm1sTW1xQ0gtWVBvdFNmRE5ma3B3Wm9UdEJXV3BHeGpCeGdmZl9UNnBYYW1ad1BZVE1zMU1EbFBMMVJKSXBmZ0hvUnpFTlBFWXV5dVJUTXV3UzY2RS1SeVhOX0FmaDZBSUZDTzdxbGF0Z0JQbWpBckJXcTBvWlhpMElnT29aXzdvMDZkbTNPV2UtWm1CcnloQ1RRZlJHY1JKTFVVQkZTaWlTM19SbDBkcE16cmhhSVN3TUFXemJ6OG0tcDY2Z0dfbWN1TkhXR0h1cldodEIzUUxlZk5uYXN4eWV3UHJ1bExXN2RKZw?oc=5"" target=""_blank"">Supply Chain News Roundup: Employ ‘Plasticity’ to Respond Ahead of Disruption</a>&nbsp;&nbsp;<font color=""#6f6f6f"">ISM</font>",0.0,0.0,0,0,0,0,0,0
2025-06-09 07:00:00,Three priorities for surviving retail supply chain disruption - Retail Asia,"<a href=""https://news.google.com/rss/articles/CBMijgFBVV95cUxOajZXZmxieUdGR0VOQUlwdHpMWmNfb1dXMnl2OUFEaW5Jc0RqM1cza0YxaVdkZGFuMTBaWXhJSVE0alZNTmdnZkZKc1RzaW1UcUhGTDY2N08xRjU4eVgxdl93NVNVNlJQOWVlR01aYlhCSFRzWlFPdkRacVQtYmo2emNTWWJZNmpadm5QeVp3?oc=5"" target=""_blank"">Three priorities for surviving retail supply chain disruption</a>&nbsp;&nbsp;<font color=""#6f6f6f"">Retail Asia</font>",0.0,0.0,0,0,0,0,0,0
2024-12-13 08:00:00,Global Supply Chain report - PwC,"<a href=""https://news.google.com/rss/articles/CBMiogFBVV95cUxOcUN1eXVmM2hKQ2xrTjRKZ0pOa1hhZGtsT29KZFZicXJEMjVXVlZER1U3blF5d0dCMFRLV2VWbTl6WEVVcC1la0RsdGVUTVdVak5WWkl5eWFfX0pFaUNHdzhmTncxcHJXejRzRXFuZEpQcENFMXJlcTQySndfZnNhajhSZTR6UGNoby0ycjdWMUJwcHROcnhoUjZndzV2dWc1dUE?oc=5"" target=""_blank"">Global Supply Chain report</a>&nbsp;&nbsp;<font color=""#6f6f6f"">PwC</font>",0.0,0.0,0,0,0,0,0,0
2025-07-01 07:00:00,Wine shortage concerns feeding supply chain diversification discussions - The Manufacturer,"<a href=""https://news.google.com/rss/articles/CBMiswFBVV95cUxNMXZVNXlsQVhpUjk4cXhlbFhDRm92Sm9yZHZzSm5kaUFtbFZ2WVQ0YlJncm42NVh0OGk1TlAyTzdaVmtoV0NMLTE0Vmdxb3VwSjYtVDVDdWlQN1RpWVh0YlU3dGIzQ1dRVFZQOEtWOFFNWnZvRmRrZDVWNTNZMnZ0dnlibUZnNEt0MTVvOF9jQWRzQTlrcnd5Vk8tYmdWRWppZkJhTTBDZUxKcjFqRFNZRjRhWQ?oc=5"" target=""_blank"">Wine shortage concerns feeding supply chain diversification discussions</a>&nbsp;&nbsp;<font color=""#6f6f6f"">The Manufacturer</font>",0.0,0.0,0,0,0,0,1,0
2024-11-07 08:00:00,Maersk: 76% of European Shippers Face Costly Disruptions - Supply Chain Digital Magazine,"<a href=""https://news.google.com/rss/articles/CBMisAFBVV95cUxNNjNZc1lYWjJmSWNrV19BMzhkZkNHbUZxS3AzZzlQZ2dtTTZndFNZbjdsVks4S0dVRk92Q2xLU1VxMHpSSzF4UEdOMVNiUHFPc2dDMWZiQ0V0ZDlDSmEteDh4d3ZLNHM1M2ZwY083SkxPeVA2aU9ibmRldWEwUUdmbGVqa205d2VBOTh4Q1JTV0Q5ODZQZERFVkp2NUR6dXFHd3FYbGctYkxrcXVwYlBqdA?oc=5"" target=""_blank"">Maersk: 76% of European Shippers Face Costly Disruptions</a>&nbsp;&nbsp;<font color=""#6f6f6f"">Supply Chain Digital Magazine</font>",0.0,0.0,0,0,0,0,0,0
2025-03-17 07:00:00,How the Shipping Crisis in the Red Sea is Impacting Trade - Procurement Magazine,"<a href=""https://news.google.com/rss/articles/CBMigAFBVV95cUxNODlpRlZWbURxVFNYdmV2bnd3Tk1WMXNGVGdYaFdTZG5jNUVkU1EyOUQzeHhPamFtSHAwZDNSeVludVZjazBOaWstVHA2bXpUT1loTGFXQ0J2MTI3SXVTWVIwVW9BeDFpbmNrc04zWGM0U1Z4V2NsM21zdnhDcEtuVA?oc=5"" target=""_blank"">How the Shipping Crisis in the Red Sea is Impacting Trade</a>&nbsp;&nbsp;<font color=""#6f6f6f"">Procurement Magazine</font>",0.0,0.0,0,0,0,0,0,0
2025-07-23 17:56:23,The Myth of All-American Drugs and What Trump’s Tariffs Miss About Pharma Supply Chains - MedCity News,"<a href=""https://news.google.com/rss/articles/CBMiwAFBVV95cUxNOTJ0RzJPYWg1X0NxcnFCZE1tREhpNHk3QzJaV0RjS212LVllaFloYmV3cVEtT0p6V0FzWjRha0toSFA5NzU0WjZ6cFA5V19TdENWWWg4OEhmc2tsNzM5WExTdWQ2d1pqNFZPWk94ZFhzOGxVWTFUdk9NUmFiY09LMlM2TVN4WWctQkpDUGNqMWM5TDRuaGhQNzUwV21lbFhJV1k0M2Q2cXZyQTlvdEt1S0VrX3Uta0hwU050R1p6VFA?oc=5"" target=""_blank"">The Myth of All-American Drugs and What Trump’s Tariffs Miss About Pharma Supply Chains</a>&nbsp;&nbsp;<font color=""#6f6f6f"">MedCity News</font>",0.0,0.0,0,0,0,0,0,0
2024-08-21 07:00:00,Disruption and data are shaping modern supply chain ecosystems - Capgemini,"<a href=""https://news.google.com/rss/articles/CBMiugFBVV95cUxPY1ZZczBwMGtFQ2Y4ZlJ0eFR1ajcteFJPeUQxYkZXeFZqZDRfQWU0cktwejBZM0dLTjczVzZ5V3AyTkota1BGRVBuN3lRcUg1MUlJeGltZ2JrcTVvSWZVS1IyZ1F5NTl2cEM0RUZseEl3ejdwaE9VdFFiOVFuTUMxTFYtOE5Pc0huSUNqTGFiVG5nUk9xWWlfQmZncDZzQnNlaHVkM2VyQ3o5ejdvaFE2LVNIUEFiUXBlZ2c?oc=5"" target=""_blank"">Disruption and data are shaping modern supply chain ecosystems</a>&nbsp;&nbsp;<font color=""#6f6f6f"">Capgemini</font>",0.2,0.1,0,0,0,0,0,0
2025-01-27 08:00:00,Procter & Gamble operations unhindered by Blue Yonder disruption - Supply Chain Dive,"<a href=""https://news.google.com/rss/articles/CBMimAFBVV95cUxOU0doMWNTX1FYTVRNMUx1c0dja3VURWRZdlJwcGcyVzd5dmNWLUo1Vk5WX241THBfdkVwN05La1BzSjhHOTdsTXdqZk1ndWFjZ3hwV0ljQS1vTHV5MURNWmdMVHlacFhXZHBCUWs3S3dYVWtLcHZaWjBmSWFoZEllcE5lZFBHUFZyY25memFyNGtTeThVdnVvMQ?oc=5"" target=""_blank"">Procter & Gamble operations unhindered by Blue Yonder disruption</a>&nbsp;&nbsp;<font color=""#6f6f6f"">Supply Chain Dive</font>",0.0,0.0,0,0,0,0,0,0
2025-03-03 08:00:00,How businesses and consumers can protect themselves against digital supply chain disruptions - The Conversation,"<a href=""https://news.google.com/rss/articles/CBMixgFBVV95cUxPSHpFRlI4czZlbTl1VUc3dzl6WmgwdXkyM2FXelBRWERza1Z6ZFB2c2lScnVMX3o0cGp3WnR5VkNKNXBjeklqRHIyQ0Vid2RGRGRWS3JzbWphQmFrY0oxWkpJMkNOc1VpODlBNk1UVWc0cWgtUFpHeDVXOEtRMHg0NV95QUszQjlUV3RFTjZKNld6ajVkOFhsc2lmZnJrR1JpVFFRNi02SlB3VHk4OFlSS01pR1NaSHVMcVQ1M0N0Vlc4aEpteHc?oc=5"" target=""_blank"">How businesses and consumers can protect themselves against digital supply chain disruptions</a>&nbsp;&nbsp;<font color=""#6f6f6f"">The Conversation</font>",0.0,0.0,0,0,0,0,0,0
2025-01-30 08:57:36,Top 5 supply chain risks in 2025 - Delivered - Global - DHL,"<a href=""https://news.google.com/rss/articles/CBMilAFBVV95cUxNNzVsczBOLUZENEpDYzVyY0ZzTEhiTW5GQmgxVzhBZlBUVlZ1ZGRhaVFyVXNQRWJyekJvQmNSWUtGZGVzQ3FSQng0ZU84Y3ZfelJxZk80cDc2dUdrVXZvTkZ6aE5jeFpGMmZhNWo4eHpXTHUxbUIwVVR6S2QzVm1aazFMUmVqcjVobmpuY0I5U3ZoaU5S?oc=5"" target=""_blank"">Top 5 supply chain risks in 2025 - Delivered - Global</a>&nbsp;&nbsp;<font color=""#6f6f6f"">DHL</font>",0.25,0.0,0,0,0,0,0,0
2025-07-24 23:50:20,Tariff-Driven Disruption in Consumer Goods and Auto Sectors: Strategic Supply Chain Reconfiguration and Cost-Pass-Through Dynamics - AInvest,"<a href=""https://news.google.com/rss/articles/CBMi3gFBVV95cUxNVThnWWhlLUdvRVRidUFfSmE4azktRWU1aU1NbUt5T0xZVk1yRU1kX3B3Ym03bnNkTjF5SDgzVjZmdjVsTmdnUzVSUE1rY1V4dmpMQXdJQ2Z3ekNjWDV1RXVOejl0UG5ITjBXYTNuOXptU2FCcUFaN2pqa1p6dU1wcnZrb3B2a2NRN2lWdVN5Z0JfOXZ0M0Zld3NwTFV6cjFmSmdFSXk1dlY5X1YzS2M5TFR0b2E3YVR0UFBqSExxNkhxVFI2c3hBQmdKbkR3T0Z2aWU4Y0JrdlBtZ1o2SEE?oc=5"" target=""_blank"">Tariff-Driven Disruption in Consumer Goods and Auto Sectors: Strategic Supply Chain Reconfiguration and Cost-Pass-Through Dynamics</a>&nbsp;&nbsp;<font color=""#6f6f6f"">AInvest</font>",0.0,0.0,0,0,0,0,0,0
2025-03-17 07:00:00,Businesses Dealing with Escalating Supply Chain Disruptions - Procurement Magazine,"<a href=""https://news.google.com/rss/articles/CBMiqAFBVV95cUxNOU9FazFETF9pTmNXbEFCcDV5R3RNRDFzRUE4NXlXNDBtNUtqMFFhbEhkUm1qMDFlOFJ3ZlNBTC01MzVFQnNYVjJBUWxVQnBCLWlhZkpTeC1UREVJY2loX1YzcTljbjFkYVV5eHdobkRLYllXZUdCUUJXR1IwcWE3anNMUHk4US1zM1pxVXR5NXRKZXNEWnZHTEljVWVsRlhUZ3lIMkw5MDM?oc=5"" target=""_blank"">Businesses Dealing with Escalating Supply Chain Disruptions</a>&nbsp;&nbsp;<font color=""#6f6f6f"">Procurement Magazine</font>",0.0,0.0,0,0,0,0,0,0
2024-11-18 12:20:02,Develop Supply Chain Agility to Thrive Amid Disruption - Gartner,"<a href=""https://news.google.com/rss/articles/CBMidkFVX3lxTE90MUxIbTZLNnppVUpfU0J1VmpRQVBsVGJkcVpJay1VOW95aU5yNkJJU0J1a3BGTkRWQXBMQVlSZTVFTG9pV0d6M3Q0ZnVlZTItcEtrRGN2NzZPYWtReGtVVTdEdkdfOHZMcmNReXFxQ2FYQV9PQXc?oc=5"" target=""_blank"">Develop Supply Chain Agility to Thrive Amid Disruption</a>&nbsp;&nbsp;<font color=""#6f6f6f"">Gartner</font>",0.0,0.0,0,0,0,0,0,0
2024-12-07 08:00:00,"Another Day, Another Disruption: How AI Can Help - Supply & Demand Chain Executive","<a href=""https://news.google.com/rss/articles/CBMiwgFBVV95cUxPVE0wNmQ1cFR6VWhkdEhGT3ZZcUFwVzZ3OGdHdlZka3B5SDFHeXNUbkxoV1FtZ0k3aW53RFF1b3Jtb3FDbWM5RXdTX0N3VEtLOTZtcTVtZ0QwaFU4SzBzSnVOSWVxcXdZUXI0dGl4WTcwalhPZ0VXNjRrdksxNDYwWnppd29lVi1SNDhMbTRnZkJMSXQ1LUc2U1I2d08tZ1dYbEx2ZG92VTRCVjlkaFNfMm03YUVoTUF3WkxVU3BOaE16Zw?oc=5"" target=""_blank"">Another Day, Another Disruption: How AI Can Help</a>&nbsp;&nbsp;<font color=""#6f6f6f"">Supply & Demand Chain Executive</font>",0.0,0.0,0,0,0,0,0,0
2024-10-30 00:23:54,Role of supply chain disruptions and digitalization on renewable energy innovation: Evidence from G7 nations - ScienceDirect.com,"<a href=""https://news.google.com/rss/articles/CBMie0FVX3lxTFBzbjdGLXl3d1BiekNRQ3RKbkVFSWpkMm9CNGZFRVN5aWpIelZqeGhqWWNLWXhzTFJaZjg2M3hNTHloT0ZXNEZhYl9NYTZOWXliQloxMzV6YXpKT3JnM09NZFlqT2pxVEY2ZWFhQmNvWXhoemtDeWdKT19lWQ?oc=5"" target=""_blank"">Role of supply chain disruptions and digitalization on renewable energy innovation: Evidence from G7 nations</a>&nbsp;&nbsp;<font color=""#6f6f6f"">ScienceDirect.com</font>",0.0,0.0,0,0,0,0,0,0
2024-09-23 07:00:00,India attends first in-person IPEF Supply Chain Council and Crisis Response Network meeting at Washington DC - PIB,"<a href=""https://news.google.com/rss/articles/CBMiaEFVX3lxTFB4LUdtQy05NGQ2MVdEeUpjckpYRmQ3Rjl3UXhnVnVZaXc2aFlfeDhLM1lUMlQ1SnlLeDRIYko5VDJmTDBXSTJyb0V3M2RHLWVZNGFBVmZ6QW1CaUtLd3o0NC1hOVJiZHlT?oc=5"" target=""_blank"">India attends first in-person IPEF Supply Chain Council and Crisis Response Network meeting at Washington DC</a>&nbsp;&nbsp;<font color=""#6f6f6f"">PIB</font>",0.25,0.125,0,0,0,0,0,0
2024-11-18 08:00:00,Why Global Orange Shortage is Forcing Industry to Innovate - Supply Chain Digital Magazine,"<a href=""https://news.google.com/rss/articles/CBMioAFBVV95cUxNS1pFVkpxaW9TeVlCN2plcy03YnBZWTctcks2OFF6R0poZUZ4TnhqM1J3TWdKS2llM1BZa1pfUm5MLXBYS25BNUxKZFdNWFFlc0tDRWJhVjJ4VUNxRElnd1JOX1J6eWpaT2N1WU5SLWxYbHJ3YUZaWDFGX2NpNUhON2pQa2xMSlQ1R18xWVBtV1IxeWV2ck0yTDVKT2pLZlBI?oc=5"" target=""_blank"">Why Global Orange Shortage is Forcing Industry to Innovate</a>&nbsp;&nbsp;<font color=""#6f6f6f"">Supply Chain Digital Magazine</font>",0.0,0.0,0,0,0,0,1,0
2024-09-12 07:00:00,UK Businesses Coping With Rise In Supply Chain Disruptions - Procurement Magazine,"<a href=""https://news.google.com/rss/articles/CBMirwFBVV95cUxQTmNjeWNDZEJqbkx2bXk3bnRDempYM0J2Y3ZEVHBOZm5GZEdTM1JQZkpEcW1DMTk0X3lzWXcxS3lxakhDVzVUUjlVR3NQVnd3a2FOVjFnUzh3UjlGa0hhSkcybjB4d2ZhcnJHYXUtUDdocVVoSDcxYW1NcjVLMTk5Y2tHX19FN3NxQjl2Y3RPVmlzZVZqYUFTT1l1VkZHMDRZaUNvZDVUV0w5WHItSndr?oc=5"" target=""_blank"">UK Businesses Coping With Rise In Supply Chain Disruptions</a>&nbsp;&nbsp;<font color=""#6f6f6f"">Procurement Magazine</font>",0.0,0.0,0,0,0,0,0,0
2025-01-30 08:00:00,Morrisons struggles with supply chain disruption following Blue Yonder cyberattack - Tech Monitor,"<a href=""https://news.google.com/rss/articles/CBMiuwFBVV95cUxObHU4UXFSZGduRlZxN3g5QTFTUVFhd2JLZWk1NGFzRkVncGUydVRacDMtRUhDLUFGMGFXVTYwcGdIOHVVUFg3OWFNbVlhVGF4Y0duQW5ORmRJWUFscVE5TXVYclZtbkR2QWdUOWJZTUt3RG9CNHlKdEpSdzhBallyR1RjaUtYb1hCZ0ROaG9sSHJId0ViVEdWZDgzdmNHaHgtNWNteU41a25xS3U5RG9iX1dfczUycThOS2Yw?oc=5"" target=""_blank"">Morrisons struggles with supply chain disruption following Blue Yonder cyberattack</a>&nbsp;&nbsp;<font color=""#6f6f6f"">Tech Monitor</font>",0.0,0.0,0,0,0,0,0,0
2024-11-26 08:00:00,"The intuitive, AI-powered supply chain - IBM","<a href=""https://news.google.com/rss/articles/CBMilwFBVV95cUxOMFhZOGliNWpmdjdPY2Q3M2d6VF9xckFnY2RLQnFUZDFhSjFKTmhrV1VtaWpJbS1aTmoyS1hhMjJIdVBWYkp5TnFuWFMtRzJ4Q2g2RHp0TTN3dEZ1bjlFRlA2TjFRczhveXBCckNTdno1ekNVaEM1RUdyU0JoeHJyMmZEX0d1LVhhZHY4WExkeXp3dG5pM0dr?oc=5"" target=""_blank"">The intuitive, AI-powered supply chain</a>&nbsp;&nbsp;<font color=""#6f6f6f"">IBM</font>",0.0,0.0,0,0,0,0,0,0
2025-04-07 07:00:00,"Tariffs and inflation for the US, disruption for Indian supply chains - Down To Earth","<a href=""https://news.google.com/rss/articles/CBMiqwFBVV95cUxPcXp4cjVjV0VKdlk5b1ZlaHJEY1k2QXJZRlVQYmx1VnZ4ZUZSeW9Eajc1YnBjMy1UUlFYb1RaaUMzVkxkTGxMX0RYWUpJN0tIMk01NFU0cktjZkdhWU9WY2pQQUh4MDdxeG9lSmJzM2p6TmlHbVJOSmhjTEFVSEduQVRTMGhZVUdfX2Jqem85QS1hY1g5SkNBc2thVjdCTmZlME5FSkRfODN4OGPSAbgBQVVfeXFMTVZaX21qRkJSbmVHYnRpanpuQjhjZVRhTVBlcHZBWWhNRjZ5QTBJSmpUM2U5OWdsWkVHNXNJal9YbG5LdGRwc05TQVZMUEpTSmh5N2VJMkQzRU1ETU5ObjZpMXdDbU5lTXpNTS1wWTEya2ZQQ3F5d1dsT0VkSkNQNnVUVkJYLWRldGpDRndLWDhaTGh5T3N0dFU0QkxGbHlIY0ozU0ctWkRFTHowRHgxZWVIWi1iZDNHSA?oc=5"" target=""_blank"">Tariffs and inflation for the US, disruption for Indian supply chains</a>&nbsp;&nbsp;<font color=""#6f6f6f"">Down To Earth</font>",-0.15555555555555559,0.0,0,0,0,0,0,0
2024-11-15 08:00:00,Climate Challenges: Enhancing supply chain resilience to weather events - The Business Continuity Institute (BCI),"<a href=""https://news.google.com/rss/articles/CBMipgFBVV95cUxONl96Y2x3SHpNeXhuWTJMcDRpS1o3OGRMQzFneWZidHBIUzhCZ25QQkp4SzFtUURqNEF1RmNaS1B5N3VYZTFUOUVhbGZTTlRfZjdRaVRfelN2VXN2d050VS1zb0dSRjNxNVBWdWF4S2V6NnlHYnZtM1A5ZWhYdmNuTFF4Nlh3d3J3cThGSUJvNUIyMXBFNG13RWx4S1hTNmM1YWlwbUdB?oc=5"" target=""_blank"">Climate Challenges: Enhancing supply chain resilience to weather events</a>&nbsp;&nbsp;<font color=""#6f6f6f"">The Business Continuity Institute (BCI)</font>",0.0,0.0,0,0,0,0,0,0
2025-03-11 07:00:00,AI Predictions On 2025 Supply Shortages And Industry Impact - Forbes,"<a href=""https://news.google.com/rss/articles/CBMisAFBVV95cUxNOENpSEI0MGNucEVheXBnQkZqREo4V1k1Y1QyckRpRUtETFNqMy0tQUJnTmd5TzRQamFGMW40R3AwNE9XckJ3bThwWjVwUnlwSG80dUt3Y2g3TWR0dXRheE5ERmczQnNTd1hpVjBEYlRjWi1aU09OTFRUX0VucTl2YVgxVWpJZkxkaWdrTURUbV9wMEhkWkE1SHVYX25paEJ5V2wyODdyT1RSeWQ4dkpybg?oc=5"" target=""_blank"">AI Predictions On 2025 Supply Shortages And Industry Impact</a>&nbsp;&nbsp;<font color=""#6f6f6f"">Forbes</font>",0.0,0.0,0,0,0,0,1,0
2025-05-16 07:00:00,Boomi and Cognizant tackle supply chain chaos with AI-powered coordination - SiliconANGLE,"<a href=""https://news.google.com/rss/articles/CBMijwFBVV95cUxNS3FQSk1CN0pndkZ0TGhjUUdQRE1RUW11UF9BSXpTa2RhRVlRako5TXJsOHNpWFg1WnQtZndzSFpWb1lYTjc5SnBFMGhDb0JWeHBvUXdVSE5RNzYyU2dob1d3d1VYM0czYUE3b0RFVDNNM21nMHExV2otYTRBR1BnTUVKMVF4MWdqajk1VjdDVQ?oc=5"" target=""_blank"">Boomi and Cognizant tackle supply chain chaos with AI-powered coordination</a>&nbsp;&nbsp;<font color=""#6f6f6f"">SiliconANGLE</font>",0.0,0.0,0,0,0,0,0,0
2025-04-08 07:00:00,Scaling supply chain resilience: Agentic AI for autonomous operations - IBM,"<a href=""https://news.google.com/rss/articles/CBMirwFBVV95cUxPck5NNlNiRDJlSmFlNWFSQzR0U2Nfc0JwdFJYZ1ZMT3FsQXFSYkpuR3RYMk1STzlEYW5RLWJyRHNXa1V1NzZ5RGtKMXByeTBsSDlqaEJfOEhWQWtxYjdlSkptMWlIbGluVW9MZ3dvRW82Q1Q2Ym1za05BbTlHQUFDUmhXTnZqMkVsUzY2QUZWZVQ1WnplaktlNFJkejVpU3ZiaE9rNllDTXplRi10ZkJN?oc=5"" target=""_blank"">Scaling supply chain resilience: Agentic AI for autonomous operations</a>&nbsp;&nbsp;<font color=""#6f6f6f"">IBM</font>",0.4,0.2,0,0,0,0,0,0
2024-12-15 08:00:00,Dynamic delay-based game approach in car and petrol supply chains under government intervention - ScienceDirect.com,"<a href=""https://news.google.com/rss/articles/CBMie0FVX3lxTE1MNUdJVGx5TW03TDk2U0R3enY0b3hCNEQ0T0sxd09UR3VtLWt5ejlqTlV3Z0F3OFAtZ1QtaUR0LWtlN1ZKbUl1MnExcUo5X2FlcFF4UFUxUlN6QmNzUnVQVWRlN1VkT1lRZDZkTF9vM0hBVkVXbHJMVWJGYw?oc=5"" target=""_blank"">Dynamic delay-based game approach in car and petrol supply chains under government intervention</a>&nbsp;&nbsp;<font color=""#6f6f6f"">ScienceDirect.com</font>",-0.2,-0.2,0,0,0,1,0,0
2025-06-13 07:00:00,Watch: Supply Chain Planning in Times of Disruption - Supply Chain Brain,"<a href=""https://news.google.com/rss/articles/CBMinwFBVV95cUxPRjhWUWdRWGl2b3NHVkl5c1FDUlZtdmtudTJqNUZJeVVPZy1SenJySTdCeU1lcVBVaHYzTFRvRW5PWEpCTWYxUjZEYmh6QjQyVm5XLVVGb3lDYUV4Tk1xbHloN2V0ZWdHbEUzMnlLRWlmUGtyMjc2Y0ZaQlhNclBUQVpSZ1d3S0NiNjdMZzNXd2lodV9icWFPRi0yOXdWVWs?oc=5"" target=""_blank"">Watch: Supply Chain Planning in Times of Disruption</a>&nbsp;&nbsp;<font color=""#6f6f6f"">Supply Chain Brain</font>",0.0,0.0,0,0,0,0,0,0
2025-03-24 07:00:00,Egg prices soar as outdated supply chains crack under pressure - The Conversation,"<a href=""https://news.google.com/rss/articles/CBMingFBVV95cUxQWGhOYWZVWFhxd19maUZqVnVZcl9OaUIxQ3BaMTZET3BZTS1kaFp1d0ZwenFaUXVGMm5WckNuSTVJX3k4c3AyQ0dQUWFNZ1RNSlR0dnJwYlZuZnlGQWVkMG1PZi1GNWRMajBFMTFkcmtDNnFKdExMSjZxRk9xejNuamNBMENicUNuT1A2dGZwUGItcDNUbWU4bHk0eW5Mdw?oc=5"" target=""_blank"">Egg prices soar as outdated supply chains crack under pressure</a>&nbsp;&nbsp;<font color=""#6f6f6f"">The Conversation</font>",-0.4000000000000001,-0.20000000000000004,0,0,0,0,0,0
2024-10-08 07:00:00,Discover New Paths to supply chain resilience: How are European businesses responding to disruption? - Maersk,"<a href=""https://news.google.com/rss/articles/CBMi5wFBVV95cUxPdTk2YkJPb0FQaUd6LWFPbFhnOW54d051TEwxRzB0N0hUYWpEV1Y5RjdSeXRicVRKSE12LURqcjlsbkU4QlRpdGlraEotejI2Vm5GQWlmTUNjN2VEcHdVZDN2eE5ULXlXUzFOck1XOEluWmgzemcyM0huM1p5cTQtcW5DMEt0dExYVGo5R284Y3VCdnl5dGpxNTFKMGdWMng5YXB0N1ZfX3pkd2xZOG9UR2NjdlR2eVExMDNZNmZyUXd3RW9vNmJ3dTB0VVhlOFM0a093aFhWNXVJZEFWaFpkQ1lsVzhQRkk?oc=5"" target=""_blank"">Discover New Paths to supply chain resilience: How are European businesses responding to disruption?</a>&nbsp;&nbsp;<font color=""#6f6f6f"">Maersk</font>",0.06818181818181818,0.04545454545454545,0,0,0,0,0,0
2025-03-01 08:00:00,The retail supply chain awaits 2025’s disruption - logisticsmgmt.com,"<a href=""https://news.google.com/rss/articles/CBMijgFBVV95cUxQSWx0a3gyRUQzZUNWT3RDaGVyTGd0ZzFfSWJ2NXFNYUU3aXh3U0pHbXpxMlpMQXdSNG5McEhmUWRkSEEzZ2JTWXJ2YzVxelZvT1RpM19nS1RzcVBCb2hOdkt0RThDNWhGeXl6Z19xSVJzaWw3QWN5c3c0NDB6NVhIcXozdGRzYnFBdXVianN3?oc=5"" target=""_blank"">The retail supply chain awaits 2025’s disruption</a>&nbsp;&nbsp;<font color=""#6f6f6f"">logisticsmgmt.com</font>",0.0,0.0,0,0,0,0,0,0
2025-01-08 21:16:25,Supply Chain Resilience and the Effects of Economic Shocks - Federal Reserve Bank of Richmond,"<a href=""https://news.google.com/rss/articles/CBMihAFBVV95cUxNeDl3OXZVSk8tXzYtZmM5d1AwQ1V6aTRuZ1V5S3pWZTdpcE5yLTdhNFZSVjNQekk3NC1mcl9xNlh1RGZianRKT3YxbHVqSmFBWkNTelEyRTJFUFNTdi15MzhPc3VEYkgtV045XzdPWDA0RnBUa2l1aXEzd3pZYXJwQWlYd1I?oc=5"" target=""_blank"">Supply Chain Resilience and the Effects of Economic Shocks</a>&nbsp;&nbsp;<font color=""#6f6f6f"">Federal Reserve Bank of Richmond</font>",0.2,0.1,0,0,0,0,0,0
2025-04-15 07:00:00,Winners & Losers: Cleo Research Unveils Key Lessons from Five Years of Supply Chain Disruption - Business Wire,"<a href=""https://news.google.com/rss/articles/CBMi4gFBVV95cUxOcWhUZFRqWlBFWHRkRzQydDNfMWRhUmVwc0dWN1pkSXRUZGdCSklBQ0tOMk1WZWNvcUV4OFZJd2djeXkzVmszTlVXeVo3c184WVB6enZfcFVEeUk0aU1xOVkyY3NuRlAzUkV3N3pLbHQwMzBTLVNpeF9KNmVWV1pVdFI4UzdyT0prVE5vQVRsZTFROGxsdDFlYWZyNjN4emdCOTV6LW5kODdhME05RExrXzJMOXg1UEV6WVI1V19maFVBTTZTNEQ3T0FEc1ZUcWtwMlZGRUppVDR0cjR3U2QtU0RB?oc=5"" target=""_blank"">Winners & Losers: Cleo Research Unveils Key Lessons from Five Years of Supply Chain Disruption</a>&nbsp;&nbsp;<font color=""#6f6f6f"">Business Wire</font>",-0.1,-0.06666666666666667,0,0,0,0,0,0
2025-01-30 08:00:00,Disruption and the effect on supply chains - Business Reporter,"<a href=""https://news.google.com/rss/articles/CBMilgFBVV95cUxOcTZVV2pUVWxmYTBmSms5SUVMcW55SHdWZWg3anY5T1ZURVVDVV85cnlyRDVzcnBOWEREN1hFM3g2Nm8wUXg1dUNSTXNzWEFuWnNmbEpvdnNPZXNaQVhXbVY2THExWVBiOTlHZW9vOVpYSHFoanA4WTlZdGZmbnBUakp4Q3pVQ3FOcTRSaWpXZXFtc3BRY2c?oc=5"" target=""_blank"">Disruption and the effect on supply chains</a>&nbsp;&nbsp;<font color=""#6f6f6f"">Business Reporter</font>",0.0,0.0,0,0,0,0,0,0
2025-07-14 07:00:00,Why Fashion Should Focus on Data Management to Weather Global Disruption - Sourcing Journal,"<a href=""https://news.google.com/rss/articles/CBMikwFBVV95cUxPLUZvdXpWRXJycGxFdzBOQTVCUVhRSjc5S0dZZ0gxbHFNbDFLcnFTSU5PdHN0ZkNyd09md19CVFZCY0xhNWY1UmFtOUFiVzYyYl9DS3ZBSWluZzZnNjN6ek15X0o1N1M5UEFWX3FFdHRhZmRmVEdDd1JYVGRFWnp0UXAyUTBMWkhUVFB0Nm5DOVIyQVE?oc=5"" target=""_blank"">Why Fashion Should Focus on Data Management to Weather Global Disruption</a>&nbsp;&nbsp;<font color=""#6f6f6f"">Sourcing Journal</font>",0.0,0.0,0,0,0,0,0,0
2024-10-13 07:00:00,"Supply chain shortages, large firms’ market power, and inflation - CEPR","<a href=""https://news.google.com/rss/articles/CBMilwFBVV95cUxNZ0U4blFQLWRfVmttV3FmV0lmZFMxcU9OWU5JNUpMbzJNRER2aWs1akhZUlJqdVkwR1hmTHZ3bEpHTGZTNC1sS1poaHR1TWVQRHNYU2FzS2NpZWkzLXlhb2I1WGRXc0w5TlRfM0pQTHd6VEdZWUxveWlhSE90NDhVT3ZUZUpKbUtpYW1vTDlaQkFlX2NhcG9r?oc=5"" target=""_blank"">Supply chain shortages, large firms’ market power, and inflation</a>&nbsp;&nbsp;<font color=""#6f6f6f"">CEPR</font>",0.21428571428571427,0.10714285714285714,0,0,0,0,1,0
2025-03-12 07:00:00,Global trade in 2025: Readying your company’s supply chain in a time of tariff wars - Thomson Reuters,"<a href=""https://news.google.com/rss/articles/CBMijAFBVV95cUxNckVGYVZPeldQZFhoRUxqTTlVX2pGU3hyWHVMbzUyMWFrTkhFWkprUGZlelZLU3ZLUkRSM2NBVEZfdUxjMlFVbFdPeVlYSWJuVTRXMjdVbkZvWXlMUzAzVmtsdVUzLTA1ZjRqRHdVcGdndW1iTi1nNlUzTElkdzFweGpxZ0dZRnBuSi1jWQ?oc=5"" target=""_blank"">Global trade in 2025: Readying your company’s supply chain in a time of tariff wars</a>&nbsp;&nbsp;<font color=""#6f6f6f"">Thomson Reuters</font>",0.0,0.0,0,1,0,0,0,0
2025-07-26 03:47:00,American Airlines’ new Airbus jet grounded by supply chain issue - The Business Times,"<a href=""https://news.google.com/rss/articles/CBMiywFBVV95cUxNdUlXNEpyT1ZUbUVCSy1IUVhoVWZnY2J4QWpqRDhkcTBDUU5yNmwxYXI2aHRWS0tjQlFabWxxSWF4ZGVHdEJncHRqd3EwblFEeUMyZnl1S3RkdGUwSGY1bm9sRWU3SENJdWxhd3g0cEdhU0R5OGphb0wxZS1INkJBeTdKZHZpLXBBMFE1bW04OHJnbDAzT2d3dWY5ZDdTTlVhTnR5RVNydXpfT3pJT0puZHZfSHloLVZtbUVRRlB4M1VxVVg1VHFqTUFvVQ?oc=5"" target=""_blank"">American Airlines’ new Airbus jet grounded by supply chain issue</a>&nbsp;&nbsp;<font color=""#6f6f6f"">The Business Times</font>",0.06818181818181818,0.06818181818181818,0,0,0,0,0,0
2024-09-12 07:00:00,6 ways to manage material shortages the smart way and meet supply chain SLAs - Celonis,"<a href=""https://news.google.com/rss/articles/CBMiqgFBVV95cUxOQUdlbmszbXFfQUJ4amNBRFRLZHVrWkFlZzk3Z1hDUlJvanFWZk5TUmpRTUFzVkdfNlh6cFliSDZoRDJ4X2hJMlNjeHhkdXlKVllXcGdJR2lJdjd6WDAwYlI4bFl1MDJfZGRhNjd2V3BDYnRoa2FZSExENTVWdDhlOFBVbkdPN2R3QjBqZUF1dV9DdGlUUnEzQ0xUek1qUF9vRTJ2S19FcFUtZw?oc=5"" target=""_blank"">6 ways to manage material shortages the smart way and meet supply chain SLAs</a>&nbsp;&nbsp;<font color=""#6f6f6f"">Celonis</font>",0.21428571428571427,0.10714285714285714,0,0,0,0,1,0
2025-01-19 08:00:00,Germanium and gallium supply chain disruption escalates for U.S. - Laser Focus World,"<a href=""https://news.google.com/rss/articles/CBMiugFBVV95cUxOblRoeUdsc3EwRUp0UjVsNXZnc0lDbDJ0VXdxODVNWU0wdnBuUXhFQ3Zod21LMXBWMWcyNS1CMEFUZHJSU29HRE9ZenBXOW9pcTFtT2dPVEpMdUFGZ3c5MllocUhzSnBWZXhnM2pJeUtwaGZhVHlEdk9zUTl4bG9DMDd1SXZfcTJZdTM3MmZLQXlnczVGUUFlV0ZYT0RHSGNQenM2aU45SEk3QkQ4QVU3WFpqZWxZMzhpY1E?oc=5"" target=""_blank"">Germanium and gallium supply chain disruption escalates for U.S.</a>&nbsp;&nbsp;<font color=""#6f6f6f"">Laser Focus World</font>",0.0,0.0,0,0,0,0,0,0
2025-06-26 07:00:00,"Supply chain remains disrupted, but no shortage of food items, fuel in Tripura: Official - ThePrint","<a href=""https://news.google.com/rss/articles/CBMivAFBVV95cUxOUnhDdnlSdEVCMTV2Q2E3UWsyQWFFLUgtRjlXelJxR3drUkJLN1k4UURJYUlIVWxTMHNBdXU1QUw2WFZTZ1BMVTZ6U1RoZHAzT2lXNno3TU5sQnNING1uc05LWkViY0FMX2tkbWFGbkNoOWZNRW1Qbjg3SnE0eWFDYnk4M2F4bE5YU3UweTJWYW1kcTV4eU96UTg4UnBBWUhmbzUyZWpldHFUSnpSTldrenQ0MjR6SFhYQkhoWNIBwgFBVV95cUxNMGRYMkYyb2ZQbnh5OGVoOVQzUWxTbGhsWXo4ZUpUeGdwUWVSMUNnbmhfU3puaGkzT005Y3lGSk5zaDh6Q3hFaUl3dEVBWTNaTFhZcTRRVXRqOU5TVGZYTURabmIxQlUxLXRDMVJhSjNQby0welZ5SzZSYzl3RGhVWml6V2FseG1Od0pYNEJsYmxxZ2xFOTZ4X2NvUS05RUFyRjcxSWlOR25Uel9RTUJXMnR2QmJvQ3pHckt5X1ZUa2w0Zw?oc=5"" target=""_blank"">Supply chain remains disrupted, but no shortage of food items, fuel in Tripura: Official</a>&nbsp;&nbsp;<font color=""#6f6f6f"">ThePrint</font>",0.0,0.0,0,0,0,0,1,0
2025-01-21 08:00:00,Report: US and China ‘prepared’ for global supply chain disruption following Trump election - PV Tech,"<a href=""https://news.google.com/rss/articles/CBMimwFBVV95cUxQSm9Eazg0dUtfWk43Zm9FS052Z2NwZEV2Znk0ajlxNldiRTRmYkU2WmZnXzJEaUh0M1MzcHNwaHF3R1hST1IwOFdLRDJIUG9tZy1XdXRBcUFndTJ5ZFNuUGF0OXZwc0pieDA3REtveTR3RVBYaUFDQkE0bm1wOExiOEk2N1dyMGhpa2h5QUNtd1FRQm9OWldyejVXcw?oc=5"" target=""_blank"">Report: US and China ‘prepared’ for global supply chain disruption following Trump election</a>&nbsp;&nbsp;<font color=""#6f6f6f"">PV Tech</font>",0.0,0.0,0,0,0,0,0,0
2024-10-04 07:00:00,How U.S. Port Strikes Disrupt Supply Chains - Gartner,"<a href=""https://news.google.com/rss/articles/CBMigwFBVV95cUxNd3hZR0JYUDI2ZXpSM1ktenBaVjVnSm02RE1JdWVLbFBGNmRkQU94X1ExS0JVWEIydlVmS0FfUUlLQkRhR3dHNzM5Yl9GLS0xV0dNbWxaLVJEYUNTd0ZlR1FncnltSFNXc3BzZDNOdy1OUDc4QkhWVl9BSks2VkxBYjllSQ?oc=5"" target=""_blank"">How U.S. Port Strikes Disrupt Supply Chains</a>&nbsp;&nbsp;<font color=""#6f6f6f"">Gartner</font>",0.0,0.0,1,0,0,0,0,0
2025-07-17 23:28:07,Trump’s US-Vietnam trade agreement risks supply chain disruption - LSE Blogs,"<a href=""https://news.google.com/rss/articles/CBMipwFBVV95cUxOUG9NNUJ6OTNsVkE4VldkOUl1TjVKcFByc0I4SnBXaG45NzViaU9QdlBZYjByWHpXa2FRRTdYdW5uTERuR25NSnJHcE5VbUV3VXhSSFRReWlDRDV3Mkduc2E0bGFLVENMRjE1bUpuUy0xcUtWbEUzdG42eXozck1pU2hiekk2TmpqREdPbVQtM2xKOFBoYjdjV0oydTBsQ0lneTU1YWxfSQ?oc=5"" target=""_blank"">Trump’s US-Vietnam trade agreement risks supply chain disruption</a>&nbsp;&nbsp;<font color=""#6f6f6f"">LSE Blogs</font>",0.0,0.0,0,0,0,0,0,0
2025-02-28 08:00:00,School Food Authority Survey III on Supply Chain Disruption and Student Participation - USDA Food and Nutrition Service (.gov),"<a href=""https://news.google.com/rss/articles/CBMibkFVX3lxTE5vN3lZcmx3Yi1vREx3bk90S1V4WWtFcmlWSnBWWERDX2lEcUFXeFlHRlNnMElRV1dsUmFoN0pNRDZ4N1VOZk40eG1FRG92V1JRVF9KTHlwd1J3dXhQYlQ5WUk2ZWNkZnNjMnVuTmFn?oc=5"" target=""_blank"">School Food Authority Survey III on Supply Chain Disruption and Student Participation</a>&nbsp;&nbsp;<font color=""#6f6f6f"">USDA Food and Nutrition Service (.gov)</font>",0.0,0.0,0,0,0,0,0,0
2025-04-15 07:00:00,Building Resilient Supply Chains in the Face of Disruption - Supply & Demand Chain Executive,"<a href=""https://news.google.com/rss/articles/CBMizAFBVV95cUxNSnNidFhaamFITlU1NWVTaVBqWnJ2cmswX20yalQtQTNZRVRwMDlUMllBNzdiem42UVc4RGRNYm9pczdtZWE5dEJ0aDg3bVJwaWhiVm1icnAtMnlIR2NsLWlyRmpyOC1VMXd2S3hobVR0RlkzOTBFdUFzQll3MTgzR3FvX0ZpSGxIWU1HcF9ENk5MWEh0NVhud1dGbEhhQl85N3NzNHBHQlRMdXZHUFp0MHNFR1NhY0RUak9jdUs1dXVqWFlFTXhyQ01YYkk?oc=5"" target=""_blank"">Building Resilient Supply Chains in the Face of Disruption</a>&nbsp;&nbsp;<font color=""#6f6f6f"">Supply & Demand Chain Executive</font>",0.0,0.0,0,0,0,0,0,0
2025-04-23 07:00:00,Supply Shock: Japan’s Rice Shortage Shakes Tradition - Supply Chain Digital Magazine,"<a href=""https://news.google.com/rss/articles/CBMirwFBVV95cUxOM0ZYYnZqOHRxVUlEQnpTZ28xRlptZlQyVTh1ZnhKdXlZOTA5ZERxUHVpUVh3WHNDUDBUdDZPRzA4WFJOanUxUnVpYzBlNzFaS0FJSVhQV3JEY2VwX3FyZ3JKSDltOVRMWnBnY3Z1MFBuUFJ3dDNuWElRUzg3eWdfanBFX3F0VS1qcmk3bThPS0w3LTQwaGtRZkdPNGQ3dGkwbGJiaGF5dmJZbHF2Z080?oc=5"" target=""_blank"">Supply Shock: Japan’s Rice Shortage Shakes Tradition</a>&nbsp;&nbsp;<font color=""#6f6f6f"">Supply Chain Digital Magazine</font>",0.0,0.0,0,0,0,0,1,0
2025-03-21 07:00:00,How the Heathrow Airport Closure has Impacted Supply Chains - Procurement Magazine,"<a href=""https://news.google.com/rss/articles/CBMimwFBVV95cUxQWWVGS2xia1ZsMnlKNHRENGI4aTFuU2EzRlhXem81c0g1NHZURF9UYXBqZnlOcWtxUGRoYmpsTmZBSWhELXV0MnB3Y3lNZmFGVzF3T052aVI0aHhiZmN4VWdXMXcyc3o5NFg0ZUpBMlpMRWhXLVlhNGl1UTZvVWZ0cEVDR1RvY0wxMVFOODFIYlVxU0NGVVJyYmxUQQ?oc=5"" target=""_blank"">How the Heathrow Airport Closure has Impacted Supply Chains</a>&nbsp;&nbsp;<font color=""#6f6f6f"">Procurement Magazine</font>",0.0,0.0,0,0,0,0,0,0
2025-07-18 03:45:00,"Europe urged to diversify trade markets over US tariff coercion, supply chains disruption - Global Times","<a href=""https://news.google.com/rss/articles/CBMiYkFVX3lxTE15dFczZ2hJamJBNFhlZ3JVOGVkRUxXTXRfSExnYjgyZEJCNFJCX3dBREtCZ29pMHdvRWxpNTFiZmNfbDVNMFBzVFNnN0d2cDRDdWtoZkpGOXprc2ZQZmlsS2Zn?oc=5"" target=""_blank"">Europe urged to diversify trade markets over US tariff coercion, supply chains disruption</a>&nbsp;&nbsp;<font color=""#6f6f6f"">Global Times</font>",0.0,0.0,0,0,0,0,0,0
2025-07-18 10:45:19,Will supply chain troubles delay the debut of America’s F-47 fighter jet? - South China Morning Post,"<a href=""https://news.google.com/rss/articles/CBMivgFBVV95cUxQOGoyVlVLUmJjRjBnazdrSURoQzhEQy1FMF9kc1N4aVJGcDlfWEZ5MEVvaEgxOHpQNkZsS1VacG5pR0hnVHFadkRzaVd0aktpOXB5dVg3cW03QlN3N1NFdTBnMXhfTU5WNS1PYjNTNWNWTmVXVHlxb3NEWHBRNzJlaDN4dDIzYlozbVdIX3R6cEo1dDk0aG9DaTN5eXZsNWcyRW5WZ01jYUFKbkQ1OEpvNDZrV19uUTVtWjNVSURR0gG-AUFVX3lxTE41eE55SWFRMTRrTV9NZ2hzS3hTY2ZDUHJqTEtCRUd1U19MRWRSQ3pzcmduQXVUUWkxY0FaRGNtQVZnbF9Za2pjM29QX1NIV1lrQ2JXVThWN1BPT1AwUUg0emxFR3pHM09qekI1SlRwR09uUE1WNXpXYjFGTVN2cHBJQllZX2x0d3BtNW54dmg0UGpFeEVXQWlPeFdCX3d4QzJqVjJ0WXgxY3B1OTU3NVB5dmJvNkdmNDViZmVzcFE?oc=5"" target=""_blank"">Will supply chain troubles delay the debut of America’s F-47 fighter jet?</a>&nbsp;&nbsp;<font color=""#6f6f6f"">South China Morning Post</font>",0.0,0.0,0,0,0,1,0,0
2025-01-12 08:00:00,Chicken Shortage in Goa as Supply Chain Disruption Causes Price Surge - heraldgoa.in,"<a href=""https://news.google.com/rss/articles/CBMiqgFBVV95cUxOR0hjbktJWXZYMkp3Nl8tMmRUUDhuT1pHNG9jMUMzcmtpXzAxb3p3SjNlSGEwNnJzWEh3LWV0Qi1iYkdBZFZzZGJNV19yUWY4eEVaTnh4U2Mzc0xvMVM3cUtQbGwxc0RMUmVxOURGcmpteGVhdDNiVTVTVUpoUUVwSG5UR1h5T1BrY0ZJclExQzdzSHVpeWdzSl9UTUN5RXdwNXN5YnBIRlI5QdIBtwFBVV95cUxNbmZkOFMweWVnaUZKYmdhTXJqRlpHY3dNSklzVmVlbUVveGpOOWhyd3VIb1l2QWJ1TzROTzMybkpHVktheThFNEZGMk1fTHB2SUlIakRZV0Zsalk0czJXS1VXT1F5cTdHWktNM1dTd1gwejY5LWNLb3Y4NU1Nel9fcnl6OE1QRzF4V1VCeC1jU3VSc29hMnh1VGNHUWxvUC1OVTBsTUE3UnFxUWxrdzU0S2ZrMGxOM3c?oc=5"" target=""_blank"">Chicken Shortage in Goa as Supply Chain Disruption Causes Price Surge</a>&nbsp;&nbsp;<font color=""#6f6f6f"">heraldgoa.in</font>",-0.6,0.0,0,0,0,0,1,0
2024-12-16 08:00:00,Transforming supply chain operations with AI - IBM,"<a href=""https://news.google.com/rss/articles/CBMingFBVV95cUxOeGc3dUk1bmFwLWJrTGRldGVGZDg0NTZSTHFVUFNJdEF6UzJJQTYtczZtVU9sZ1o3d3c3RGlIdGw5Q2ZlQlo2V2JhUE9IZXlXZ1NpcDhid2k1VHp5OUh3cG1DeG9HNGxKODFEMzUtZXFhSDhyQWtGSzBhUlVCcEQycXVMel9FTU4tR1lZWVVDcGtpZlJxb1hsNkg2bVJ1dw?oc=5"" target=""_blank"">Transforming supply chain operations with AI</a>&nbsp;&nbsp;<font color=""#6f6f6f"">IBM</font>",0.0,0.0,0,0,0,0,0,0
2024-10-08 07:00:00,"Port Worker Deal Extends Relief, Future Supply Chain Disruption Looms - Forbes","<a href=""https://news.google.com/rss/articles/CBMixAFBVV95cUxOdDRwNWlVZG9TRV9WZUJlUkFJeXo4NkdwMUNQc1c2QTFHOEVxQVNJTkh1TjY1cWRBdXg0Q2xPaERTYVBBVzZjZEF3Qkg1VUVHQVcwYndNcThQcTJLYTV3TWtfVVE4YU5pZ1FUMjF0UHpPWXI1UnBiVHpoTW82WG9GdnRMbE1kT2RPNHpoNmlUVjZTbU9SV2RWaWdHM0VOTjR4V0F2VEFkbXZSQUpic05RRmlIeFY2V09KZV9nMUJva0h0VFdL?oc=5"" target=""_blank"">Port Worker Deal Extends Relief, Future Supply Chain Disruption Looms</a>&nbsp;&nbsp;<font color=""#6f6f6f"">Forbes</font>",0.0,0.0,0,0,0,0,0,0
2025-07-24 06:25:02,UK construction sector must address geopolitical supply chain risks - QBE - Insurance Business America,"<a href=""https://news.google.com/rss/articles/CBMi6gFBVV95cUxNMDBsd1h0ZnU0bDNlY3I2R2Nqd21PNllUN1Jmd2Jab0Vjam4yS2tISlRqcjFtQmxSdHJMNGUwLTlwTGk0QUxZWUhSTjlzcEpfdDBvSHRZREUxallqeEJVb3gxVGhZdFJHczRrcy1pYmVLUENFbUd4M1NGeVk2OHdlM2hMaDhvd29jc3AxdEZGOUFzc2E0VTRobnpGYjhDQy1CcnUtN3ZGbnlhX0kteHlPUkt2ZHA3cXJLbW81bGx1aGR4dnFhcFdaSUtyN1kzM29MUG81MWlyWTRndnFJT0M2ejNmZGQ4cU02ZUE?oc=5"" target=""_blank"">UK construction sector must address geopolitical supply chain risks - QBE</a>&nbsp;&nbsp;<font color=""#6f6f6f"">Insurance Business America</font>",0.0,0.0,0,0,0,0,0,0
2025-02-17 08:00:00,Disruption Proofing Your Supply Chain with Micro-Fulfillment - Supply & Demand Chain Executive,"<a href=""https://news.google.com/rss/articles/CBMi4wFBVV95cUxNUTNyX3M5T1JzNGVmTXRZV2Z3dHhvcWpXRGI2Mmd5VkwtWk9oYUNEMmZCQjBqOE9mNzFjS05VYVM5NWJYbk1iWkZSU24zX293YXNnc09FRi1zUnZOUlBSRjlTSlMyOHpINFVSa3Q0Y0JfY1V0Z0tMSGVOX0c2MklPSVh1UkZaUktLMjdZRFRoVmRrRnVqbHZBNnBLcTMwWlN4TXp5Rkl6LUd6TkpyeVFsbHIyeERpVnRESmp3MnRuY1VlUjdYeWZFMDM5ZUh6SzZ3ajdsWjlRWXFNMTJGaEJHRkpnSQ?oc=5"" target=""_blank"">Disruption Proofing Your Supply Chain with Micro-Fulfillment</a>&nbsp;&nbsp;<font color=""#6f6f6f"">Supply & Demand Chain Executive</font>",0.0,0.0,0,0,0,0,0,0
2025-01-13 08:00:00,Guinness shortage: a wake-up call for supply chain transformation - The Manufacturer,"<a href=""https://news.google.com/rss/articles/CBMiqgFBVV95cUxPZllSM1pPZ3NydzhLT05fdUk0NW1vb0dNVGx2WVUzVjVtcTRRaGFGQWRiS2pFSWMwbnU2YXNNSTBYREJaeURTR3V1cUltZ1JqRW1OU1dST1JHODZHcTV1OEtFNkU4VTNaNm82N25SZTN4b1NqMDhHRHdNdVk0WTBmbnZSSHY0VGJRQlpGd3NVTTZDYTNyWGdkMGZYNjhaZlhXcWxldkRhQ3FZdw?oc=5"" target=""_blank"">Guinness shortage: a wake-up call for supply chain transformation</a>&nbsp;&nbsp;<font color=""#6f6f6f"">The Manufacturer</font>",0.0,0.0,0,0,0,0,1,0
2025-04-24 07:00:00,"Threat of tariffs risks further disruption to crucial supply chains, says EU's von der Leyen - Anadolu Ajansı","<a href=""https://news.google.com/rss/articles/CBMiywFBVV95cUxOejJfSmlpc3B0WEJYTC1QWjB4Y0U0SUpLQ1VYR2VVVnkyTm1nTUtzNk14Y2lfMEpRaW1jUjJGYzZyRml1bm41TlB6UjM2RHFibU00SEhlYzBYMk9paFhlN0swWWNtcHcxc3ZFQ0pwaXpzQmUxMHotN3V0bjdCT2ZpSXlXajJHalNnbWxJX3ZqY1dYWkhNWjBaSTNyVk9PUTZxeGJaOWdTUU00UTdENEdpSWpXRXA3d21aZXI4RzNLQXNXVlhoQTRQMFphaw?oc=5"" target=""_blank"">Threat of tariffs risks further disruption to crucial supply chains, says EU's von der Leyen</a>&nbsp;&nbsp;<font color=""#6f6f6f"">Anadolu Ajansı</font>",0.0,0.0,0,0,0,0,0,0
2024-10-30 07:00:00,Swiss Re highlights $184 million supply chain disruption costs amid rising risks - Insurance Business America,"<a href=""https://news.google.com/rss/articles/CBMi8AFBVV95cUxQWWNyeW5Vc1NzLXEwU1VkQk9ZTTdQV2Y0SnlqX0JjeE5HZFlIU29hTjlMeVdKTHJqaGRXN3NIellSaXdOa0JTUGQ4YllIYWdJdEpQbURyZlkxR1duOWZxcm1jOHdoMzNZNjB4NkZjal9MbkpIaVVQbGM3N2c2cUZWUVRpUjd6bV80RFpBSlE2dm5JUFhaZlRaQUlOLWlCQWxESkQyeWU3TUppZHhISnpEcUtHRXNSal9FYVRPMkJSd0FwSldIaGVEUndWd0RiQmItNUxtOEN4Z3E4NFV5WTBCRVBTOHREdW84V21oMlBPYTA?oc=5"" target=""_blank"">Swiss Re highlights $184 million supply chain disruption costs amid rising risks</a>&nbsp;&nbsp;<font color=""#6f6f6f"">Insurance Business America</font>",0.0,0.0,0,0,0,0,0,0
2025-02-18 08:00:00,Harnessing the power of agent-based models for mitigating supply chain risks and managing costs - Amazon Web Services,"<a href=""https://news.google.com/rss/articles/CBMiyAFBVV95cUxPdV9oYXZSaktNcDFGdWRSdTgxczhNNFhpREdUWk54d2t1OFpQRWVnOFhocjJqQkhacVlvZFA5eEpJVzBhRDVLRjZMOFJuZmF3X2Z1NTVnTEl0SjFTVXAzTGpKNG5wckxvenZnXzFrLTJHdkJwRUZYYURwcDNsYUJCLV9POFdQOXdKWlJzOEIxUlZnUUc1Y21HSzhqYXhWbEVOM20xMzN5YlJBX09icUthZW1UQ2NGYjdBLWtCY28yb0lsWkNiV3A2Ug?oc=5"" target=""_blank"">Harnessing the power of agent-based models for mitigating supply chain risks and managing costs</a>&nbsp;&nbsp;<font color=""#6f6f6f"">Amazon Web Services</font>",0.0,0.0,0,0,0,0,0,0
2024-11-07 08:00:00,Supply Chain Innovation 2024: A Formula for Thriving in the Age of Disruption - Supply Chain Brain,"<a href=""https://news.google.com/rss/articles/CBMiwgFBVV95cUxOYlFMdjViajVYeUtvRTJZcjVWV1NVZHFYaUlVMEEyaEpDd2l2czFWM1F6MVJuQThNMGtTU2R0d2dxWXNIOVZ0Y21YbmJIN0tZUnhoVGtqck1RX1dhNzFBUHNzU1hFVWpVcFdqR0RyN1MxTG90UEpnb2pUdER6QnNlVnh3Y05nSThaVllxSFBMOTVxNGtOeFBZRWJBT3o3U0IwNVJxYUxxcmwwVTVPVFpuQUVnUGVQMTRDc190cTYtS1NnUQ?oc=5"" target=""_blank"">Supply Chain Innovation 2024: A Formula for Thriving in the Age of Disruption</a>&nbsp;&nbsp;<font color=""#6f6f6f"">Supply Chain Brain</font>",0.0,0.0,0,0,0,0,0,0
2024-09-17 07:00:00,How tax is improving supply chain resiliency - EY,"<a href=""https://news.google.com/rss/articles/CBMirgFBVV95cUxOblJlOTRGaHdZM3BOMzlJREl4a0RHdFVUbFVDOWdIdlF0QUg5WkwyTnM3YVp4aXRTY3o0WjFVMl9BOGxsYXQ5YnJMMURIV0hfbURldm9jT214QWVZSm5mWTJoUlNZdlp1TTNRUEQ5RldkTVl4ek1kOFB1N3prUkJKa3JPQ2l4X3pwR09FcE9tcHhXM0pCLUJiUEdnQjdUZ1lmSDJRT3d1OWhoeWNOUlE?oc=5"" target=""_blank"">How tax is improving supply chain resiliency</a>&nbsp;&nbsp;<font color=""#6f6f6f"">EY</font>",0.0,0.0,0,0,0,0,0,0
2025-04-30 07:00:00,"As exports from China plunge, the U.S. faces an impending shortage of goods; here's what Americans should - The Economic Times","<a href=""https://news.google.com/rss/articles/CBMijwJBVV95cUxQOTNISG5CQm5xbHdESHIwWXBRS25ZOWVnNkg1NTdEMktMZ05NTXlXV0xOT2lReG1DVTJWQXpfb0E1RVBhN0tieW5tdEdhRVh5SzRYT3pGYWsxNUpTZ0xZRUdWV2V5N3E3NXpWSDU1RlRfRGluTmxCbU5hOVJFRElqd0FNNXE2b3NhQmJfeXd2OVhYeU03SS1PYkRxbVlaWGRiMDZVd25FMm5rSTU2Zzk4OTZRbUJHM21VeGttZjBRb0p6N3YxT1lNWTlJZERaT2s2dmNVZlV3a1luM3pMMUtLanRySld0aXBfbFJ4RWJTMW1jRWlPYXZsclVtNEU1eVFQWDhLclh3ZFhmUy1jaHFj0gGUAkFVX3lxTE00dWM3dW5pV05HdXlOT1lZNDFGY3pNMk1QNThKTXZTSnhid1pZOE56TlNGX3h6X2JhWWNzbW5IQlhHZ0hNY1RHZkNLM1k1NXJQYlNFRGEyMmplaGdjbjN5NGQxbDhEQU9YWUh1S0dHc1JGejFtQV9fQWdqdkFhYUJYMG8yMWNrZEY3XzBxdVZWNVB3bkRDbzhnUG1tZGxvZE5NQWs0eGxkX0djbWFWSGVqYjl3Y3NnUUJGdkV5UTJtZ2J1aEJBQ0d3UGJsTGRTMWZEZnZKS25oUXJhbmtmVnBhNGZkbE56NlZmUHZIZG9LWnNnWDVDNDlTc1owbnRCeXAwa1NZMVp3VE9VejlWNVotZHZidg?oc=5"" target=""_blank"">As exports from China plunge, the U.S. faces an impending shortage of goods; here's what Americans should</a>&nbsp;&nbsp;<font color=""#6f6f6f"">The Economic Times</font>",0.2,0.1,0,0,0,0,1,0
2025-06-06 07:00:00,"The Next iPhone Supply Chain Disruption is Already Here, And Compliance Professionals Need to Act Fast - Global Trade Magazine","<a href=""https://news.google.com/rss/articles/CBMizgFBVV95cUxPcVV2TzdlSnJKTFZ2OUlDVTdJS3ZwZFRsM1h0TlJoT1MxbEZDcHhTcXNRem9OdUJXMXhlREdWOURzSmRSRDUwcklIQjlVeGhlUnhnQjFmSW14V25CY3l4clAzbFBhazlubEl6T0tlQ2xTQlVGakV4VDBBUmpFcVVycU5FRjVRSWZneXNPdnItUUZWNDloVWVJWDBfOVlOajEtSkJ2anNxakdIdDFnSUo4M0R3cFZfclB0R2VVang2eXo3VVVqR1hBZTJBbkJqUQ?oc=5"" target=""_blank"">The Next iPhone Supply Chain Disruption is Already Here, And Compliance Professionals Need to Act Fast</a>&nbsp;&nbsp;<font color=""#6f6f6f"">Global Trade Magazine</font>",0.06666666666666667,0.0,0,0,0,0,0,0
2025-04-18 07:00:00,DU Supply Chain Expert Weighs in on the Real Reason Egg Prices Are High - University of Denver,"<a href=""https://news.google.com/rss/articles/CBMijgFBVV95cUxQeGJxMW0xVWdFc21vOHNJMnluRUJldVhfWVpjRG5nM2c2UXhiQnloYTBJQ2lOdE90cmp1aVl4dG1FODRjNWVtSXhYNG9WQloxTFlWT2s5VjlYd3RlMWJkNnpBdW8xakdMNFJ4M2ZrbDJIVnRPS0VLck5RNVBhbUNBc19nZVRtalN4OC1vaGhB?oc=5"" target=""_blank"">DU Supply Chain Expert Weighs in on the Real Reason Egg Prices Are High</a>&nbsp;&nbsp;<font color=""#6f6f6f"">University of Denver</font>",0.18,0.1,0,0,0,0,0,0
2024-09-30 10:19:13,Top 5 supply chain risks in 2024 - Delivered - Global - DHL,"<a href=""https://news.google.com/rss/articles/CBMilAFBVV95cUxNWkZCaVRadlQ1c2ZjLXJ1d0pGb0dpSDBnUUtTQlZQSHpFVmtkbk1PWHVLMDdKbVVkdkdKa1YyX2xqN3VoYXZLUmlFWE1jeHJaM1BfbndJdEN5Wkg4eVhtMW5WUE5WWUhMOHo1VGtkWXlZX2RQQlRiMENBT1h5WXoyenNyaFo0VWJVbzJzNzRJSkFVU1VR?oc=5"" target=""_blank"">Top 5 supply chain risks in 2024 - Delivered - Global</a>&nbsp;&nbsp;<font color=""#6f6f6f"">DHL</font>",0.25,0.0,0,0,0,0,0,0
2024-10-02 07:00:00,Supply Chain Disruption Denied with Connectivity and Communication - Supply & Demand Chain Executive,"<a href=""https://news.google.com/rss/articles/CBMi7wFBVV95cUxNaVBMRXdELWw2Tll0MWQyRHNLRmhmc05vZFBEZFNSbTREMElmTXpYNl9GSU5XM0lPZXpEOHhDZklmVEt0Szh6bXFRaDc3ejZYVndBVW1jcDZQMXVnMUFNWVF3QkstTzZRcmFYU2ZYUW1QclZqdXlUWGFNLXFfU2thWGszd3Q2TDE5QmlCN0pDblNwMDNSSndpY0FaWnNOelhVY1dhbENzZGlWNkRiTi1LbGFfWHZDWmhWTlUxSjk3d3l4YkYxVldPME9CSng4cV9tQVlsMmZFRTk0eUVudngycjlrY2VxOFF4anhJS0REQQ?oc=5"" target=""_blank"">Supply Chain Disruption Denied with Connectivity and Communication</a>&nbsp;&nbsp;<font color=""#6f6f6f"">Supply & Demand Chain Executive</font>",0.0,0.0,0,0,0,0,0,0
2025-07-20 11:39:16,U.S.-Mexico Tomato Trade Disruption and Its Impact on Supply Chain and Agricultural Markets - AInvest,"<a href=""https://news.google.com/rss/articles/CBMiqgFBVV95cUxNNUczRmEwNXAwdWF3WFpWX2FLbXZhUUI3MVNmcmo2UlJ3bWVlWW1peTYxaW5NUklVRE1Mc0F4cW96RHJPelIyb2JaVGdDMmxUTjJuWXFWSFRvS3duRmxyYnFuQzJIOVNicHdlbmRScjYtaFo2ZU5IQlZBRllkNERjLXAwN0VabnhFenp5YnE3R2xRZGQ5YzNGclZmbkQ5WGFWQ01TTVdIVWVUQQ?oc=5"" target=""_blank"">U.S.-Mexico Tomato Trade Disruption and Its Impact on Supply Chain and Agricultural Markets</a>&nbsp;&nbsp;<font color=""#6f6f6f"">AInvest</font>",0.0,0.0,0,0,0,0,0,0
