published,title,summary,link,source
2025-07-25 11:19:33,Clarithromycin Prices Set to Surge in July 2025 Amid Global Supply Chain Disruptions and Rising Demand - ChemAnalyst,"<a href=""https://news.google.com/rss/articles/CBMiywFBVV95cUxNU0YzWTk5T1dwNC1wQkZFeGJlVi16UGN3aVdLR1ktUm5Rc3VwMXFPZ3NWanB4UDdhLUNpd2ZmVnRPaWhmQzl0d2VLNmdOUjBadC1Sak5PUUdReUp3ZjdCNzlsX0MtemtvOG9rdm1kS24xNEwwM21sclhjTmpuclh1OW9KYXpDM1UyN1JNUGJ2dENhZjhRS3duTVB3SDMtMkFYV2REeW9INHY3bmx5NTFvM1JOVG84RmZXWkVZMnVNX1pKcWpvY2cyX1RWRQ?oc=5"" target=""_blank"">Clarithromycin Prices Set to Surge in July 2025 Amid Global Supply Chain Disruptions and Rising Demand</a>&nbsp;&nbsp;<font color=""#6f6f6f"">ChemAnalyst</font>",https://news.google.com/rss/articles/CBMiywFBVV95cUxNU0YzWTk5T1dwNC1wQkZFeGJlVi16UGN3aVdLR1ktUm5Rc3VwMXFPZ3NWanB4UDdhLUNpd2ZmVnRPaWhmQzl0d2VLNmdOUjBadC1Sak5PUUdReUp3ZjdCNzlsX0MtemtvOG9rdm1kS24xNEwwM21sclhjTmpuclh1OW9KYXpDM1UyN1JNUGJ2dENhZjhRS3duTVB3SDMtMkFYV2REeW9INHY3bmx5NTFvM1JOVG84RmZXWkVZMnVNX1pKcWpvY2cyX1RWRQ?oc=5,ChemAnalyst
2025-03-28 07:00:00,The Biggest Global Supply Chain Risks of 2025 - Xeneta,"<a href=""https://news.google.com/rss/articles/CBMifkFVX3lxTE5JT3Q4TmpSb3UxaTJBcnNkX1p4WUdtYXkzb0dsS0luUWU5Wk5TUzRrdVpJbUM5WE5SZ2hRM0tHNFVGWnVvVWhRUEpfLThxQUNKQXY1eVBiTkRHVHlrdklWMW9vdVliR1BoRWhtYkNfcW9rSFZOQ0lvMHZqZnVvUQ?oc=5"" target=""_blank"">The Biggest Global Supply Chain Risks of 2025</a>&nbsp;&nbsp;<font color=""#6f6f6f"">Xeneta</font>",https://news.google.com/rss/articles/CBMifkFVX3lxTE5JT3Q4TmpSb3UxaTJBcnNkX1p4WUdtYXkzb0dsS0luUWU5Wk5TUzRrdVpJbUM5WE5SZ2hRM0tHNFVGWnVvVWhRUEpfLThxQUNKQXY1eVBiTkRHVHlrdklWMW9vdVliR1BoRWhtYkNfcW9rSFZOQ0lvMHZqZnVvUQ?oc=5,Xeneta
2025-04-12 06:28:27,"Investigating the mediating roles of inventory management and supply chain disruption factors in logistics performance – An evidence from the construction industry from Coastal Karnataka, India - ScienceDirect.com","<a href=""https://news.google.com/rss/articles/CBMidkFVX3lxTFBHN3ZXTmVMelIwMnJNc05ZUUVRVjVUMkNfODVRdmJhMDFubmJsNFRTU1FjMkFRYko4ZWpJSjFYWDdiamNYRzh1T3RDei1sU3JYeEpHYlU5MnN3NDhtU2MwNzJHOV92c1YxZjZoTmVMb3hjR2ZXemc?oc=5"" target=""_blank"">Investigating the mediating roles of inventory management and supply chain disruption factors in logistics performance – An evidence from the construction industry from Coastal Karnataka, India</a>&nbsp;&nbsp;<font color=""#6f6f6f"">ScienceDirect.com</font>",https://news.google.com/rss/articles/CBMidkFVX3lxTFBHN3ZXTmVMelIwMnJNc05ZUUVRVjVUMkNfODVRdmJhMDFubmJsNFRTU1FjMkFRYko4ZWpJSjFYWDdiamNYRzh1T3RDei1sU3JYeEpHYlU5MnN3NDhtU2MwNzJHOV92c1YxZjZoTmVMb3hjR2ZXemc?oc=5,ScienceDirect.com
2025-06-24 07:00:00,Middle East Supply Chain Disruption 2025: A Guide - Gartner,"<a href=""https://news.google.com/rss/articles/CBMie0FVX3lxTE0xbFNDUEs5bUhlTWlFM0t2SlBXWVlwa29veEtpTG9VSnNLZkp4UXVKdnpBZnBGdkVXMzBUMUpOYXVwQ1EweGgwMS1zbDJtR0o2UzlaTVN3Z2FYcTJ2OXpkNmY5aWFZWXpMVldtZzdJcFZBMWdDaF9NWGNGVQ?oc=5"" target=""_blank"">Middle East Supply Chain Disruption 2025: A Guide</a>&nbsp;&nbsp;<font color=""#6f6f6f"">Gartner</font>",https://news.google.com/rss/articles/CBMie0FVX3lxTE0xbFNDUEs5bUhlTWlFM0t2SlBXWVlwa29veEtpTG9VSnNLZkp4UXVKdnpBZnBGdkVXMzBUMUpOYXVwQ1EweGgwMS1zbDJtR0o2UzlaTVN3Z2FYcTJ2OXpkNmY5aWFZWXpMVldtZzdJcFZBMWdDaF9NWGNGVQ?oc=5,Gartner
2025-07-10 13:58:08,Managing supply chain disruption - Dentons,"<a href=""https://news.google.com/rss/articles/CBMilAFBVV95cUxQZ1ZEZGlJbGhaRm5EdGRvaDZYc0Q1c2llNnpCX0d6MmVYbjAxdVhGRFRaY1NZNXg5OTZyRjBoWlh0ekJFSjhOcC0xNlRQcko2bGhYLUlXZDlsc2c1TlhfVmNSSkpaRWo0TUZTMnBlMi15QkJmRXZEUmYxbWEwbE9UZDR0N1hucXB1WVkzeS1nRjhJakdF?oc=5"" target=""_blank"">Managing supply chain disruption</a>&nbsp;&nbsp;<font color=""#6f6f6f"">Dentons</font>",https://news.google.com/rss/articles/CBMilAFBVV95cUxQZ1ZEZGlJbGhaRm5EdGRvaDZYc0Q1c2llNnpCX0d6MmVYbjAxdVhGRFRaY1NZNXg5OTZyRjBoWlh0ekJFSjhOcC0xNlRQcko2bGhYLUlXZDlsc2c1TlhfVmNSSkpaRWo0TUZTMnBlMi15QkJmRXZEUmYxbWEwbE9UZDR0N1hucXB1WVkzeS1nRjhJakdF?oc=5,Dentons
2025-02-26 08:00:00,India must seize global supply chain disruption as opportunity: Amitabh Kant - The Economic Times,"<a href=""https://news.google.com/rss/articles/CBMi1wFBVV95cUxObjdSQzQ3M29lMElOMF9aeHpMbkc4TlhyVm9jdzJkZU9hZG5ram5wRUR0cklMSWliNll6a1Zad1BaNjFhWF9zbVNsa0hjVkh1VVlJS2lZVVI5ejVpQ042YUJOZmNUMWEzcGdDUVJnV2N1dEZsTk41QXdnN2wyckRIbG5xa3UyX0VvVmNQeWJmVE1LWHVqbDNub09VcjB2eXdyMDlBcFJwUHlGOHoyQnVKMEVHX0h0bjZITEpHOGxwYXFRbk5hb1NrZmJ1ak80Q1pIN0ZrUG10b9IB3AFBVV95cUxPVXp3QV92LUxJMmFpTGxObEtYcDgyZ3dDZlN5Zk9Wc0huSDBncHNPN283OVU0dlRxN1lmS1NIcHVrS216bXZXMzNfbTQzRXhOSURmSVNiOUxQSDhfQlhGLTl3U1IxSldTYzNvMmxJbTEySzRYdnR2WUlmZGtqTjN4VmFDdWR0WF96ZEZiZTYtYUN6UjJ1Z1dCSXBOMnFvanh0SC1aQ0dnN3pkQmFiSWhqR0JSNURRVkxwMjNKNkgxejRUa0sxMGttT0R1MG5tTEd1MXpxajVTU1NxbndK?oc=5"" target=""_blank"">India must seize global supply chain disruption as opportunity: Amitabh Kant</a>&nbsp;&nbsp;<font color=""#6f6f6f"">The Economic Times</font>",https://news.google.com/rss/articles/CBMi1wFBVV95cUxObjdSQzQ3M29lMElOMF9aeHpMbkc4TlhyVm9jdzJkZU9hZG5ram5wRUR0cklMSWliNll6a1Zad1BaNjFhWF9zbVNsa0hjVkh1VVlJS2lZVVI5ejVpQ042YUJOZmNUMWEzcGdDUVJnV2N1dEZsTk41QXdnN2wyckRIbG5xa3UyX0VvVmNQeWJmVE1LWHVqbDNub09VcjB2eXdyMDlBcFJwUHlGOHoyQnVKMEVHX0h0bjZITEpHOGxwYXFRbk5hb1NrZmJ1ak80Q1pIN0ZrUG10b9IB3AFBVV95cUxPVXp3QV92LUxJMmFpTGxObEtYcDgyZ3dDZlN5Zk9Wc0huSDBncHNPN283OVU0dlRxN1lmS1NIcHVrS216bXZXMzNfbTQzRXhOSURmSVNiOUxQSDhfQlhGLTl3U1IxSldTYzNvMmxJbTEySzRYdnR2WUlmZGtqTjN4VmFDdWR0WF96ZEZiZTYtYUN6UjJ1Z1dCSXBOMnFvanh0SC1aQ0dnN3pkQmFiSWhqR0JSNURRVkxwMjNKNkgxejRUa0sxMGttT0R1MG5tTEd1MXpxajVTU1NxbndK?oc=5,The Economic Times
2025-04-25 07:00:00,"Supply Chain Disruptions: How They Happen, Industries Affected, and How to Manage - Inbound Logistics","<a href=""https://news.google.com/rss/articles/CBMivgFBVV95cUxNam5ucEdmRjdydGxfeE1Sc2w3YkVqbWd6dVFIdlptTzNQS0pWWHFtY0tHQXVqYnIwTnJWX3ZlNFlmSnNMbTF0QTJqajdqZTZZQ25uUnE0OW95Q2sxalo1ZlIzTnVRYURDeFplX0FGcUZJbllTY3ZjTzNkRTFhZWlnQW12R0Y3aS00RjF6LWc1WG51cWVlZ3VmZUhTTk1kTGVUeW5ZVTRRUG1aSEJZNjAxZllWelVJUnJraDM3RXJ3?oc=5"" target=""_blank"">Supply Chain Disruptions: How They Happen, Industries Affected, and How to Manage</a>&nbsp;&nbsp;<font color=""#6f6f6f"">Inbound Logistics</font>",https://news.google.com/rss/articles/CBMivgFBVV95cUxNam5ucEdmRjdydGxfeE1Sc2w3YkVqbWd6dVFIdlptTzNQS0pWWHFtY0tHQXVqYnIwTnJWX3ZlNFlmSnNMbTF0QTJqajdqZTZZQ25uUnE0OW95Q2sxalo1ZlIzTnVRYURDeFplX0FGcUZJbllTY3ZjTzNkRTFhZWlnQW12R0Y3aS00RjF6LWc1WG51cWVlZ3VmZUhTTk1kTGVUeW5ZVTRRUG1aSEJZNjAxZllWelVJUnJraDM3RXJ3?oc=5,Inbound Logistics
2025-07-18 05:55:16,Outsmart Disruption with AI: Three Strategies for Supply Chain Resilience - Supply Chain Brain,"<a href=""https://news.google.com/rss/articles/CBMi0AFBVV95cUxQUWdubmo4NEJUWVNhdE52RldIQ0Q4TzQ1LW9UU01XX2pnTHZ1Z05qcHlpN0F0dEp5WHJOenFqRGFSRW1QWU5FbnluNlhFSlJTbmsxYWpmUnNJcnU4OEU2aW85ZU9FQWRBdGRLeTk0R1d4aWQwWlFnSmJld003TGRsblk4eXFiT1hMR2ZqYU9IUTlWTGdCZW5kRXdnQWJtWTBPLUhNeHpaWXFKQmpjcFRnaUtzSW91ekFKcDg2aXNsdlhwWTBXTWkzeFV0MkhUV3hD?oc=5"" target=""_blank"">Outsmart Disruption with AI: Three Strategies for Supply Chain Resilience</a>&nbsp;&nbsp;<font color=""#6f6f6f"">Supply Chain Brain</font>",https://news.google.com/rss/articles/CBMi0AFBVV95cUxQUWdubmo4NEJUWVNhdE52RldIQ0Q4TzQ1LW9UU01XX2pnTHZ1Z05qcHlpN0F0dEp5WHJOenFqRGFSRW1QWU5FbnluNlhFSlJTbmsxYWpmUnNJcnU4OEU2aW85ZU9FQWRBdGRLeTk0R1d4aWQwWlFnSmJld003TGRsblk4eXFiT1hMR2ZqYU9IUTlWTGdCZW5kRXdnQWJtWTBPLUhNeHpaWXFKQmpjcFRnaUtzSW91ekFKcDg2aXNsdlhwWTBXTWkzeFV0MkhUV3hD?oc=5,Supply Chain Brain
2025-01-09 08:00:00,Leveraging digital tools in the age of supply chain disruption - The World Economic Forum,"<a href=""https://news.google.com/rss/articles/CBMikAFBVV95cUxOSHktR1U0UHhKSzg3dE8wWmJxcDZNZFhuNWhfWTUzd1paanE4SjhKN2dfWjZDMFUwbU1PX2wtRjlCeDg1VEdGRVhYUlNRUGR4TlRJTktXYTF6b3BQeU1aNGdVRlZiT2RweUg4VjNSXzVYYnJWa1NVdlhrU3UxbzFlem84QVJWdUp3bU1fcWs5ZG4?oc=5"" target=""_blank"">Leveraging digital tools in the age of supply chain disruption</a>&nbsp;&nbsp;<font color=""#6f6f6f"">The World Economic Forum</font>",https://news.google.com/rss/articles/CBMikAFBVV95cUxOSHktR1U0UHhKSzg3dE8wWmJxcDZNZFhuNWhfWTUzd1paanE4SjhKN2dfWjZDMFUwbU1PX2wtRjlCeDg1VEdGRVhYUlNRUGR4TlRJTktXYTF6b3BQeU1aNGdVRlZiT2RweUg4VjNSXzVYYnJWa1NVdlhrU3UxbzFlem84QVJWdUp3bU1fcWs5ZG4?oc=5,The World Economic Forum
2025-03-17 07:00:00,Supply Chain Disruption 2025: A Perfect Storm Looms - solutionsreview.com,"<a href=""https://news.google.com/rss/articles/CBMirAFBVV95cUxQcEM2MVZES3FmeDhvZlNaWHN5czNsVENldmtkYlctbUdZRXhld0N3ejdQN1NUVXVTQWVEY1gxTmFfYTU1ZDhIMGgweWdIYkhMQkNrTXFRdnQ5eXFNZjJ5VVI0ZHpQNXRMOVhBOXQzeUpoWkNNX0wxVWJrUEdQN1VBNU1idnUyZG1vRG1YRzFaNk5YODl2QlJ2WjhKcjJNVWhhajRCcnRRaDlkY2ly?oc=5"" target=""_blank"">Supply Chain Disruption 2025: A Perfect Storm Looms</a>&nbsp;&nbsp;<font color=""#6f6f6f"">solutionsreview.com</font>",https://news.google.com/rss/articles/CBMirAFBVV95cUxQcEM2MVZES3FmeDhvZlNaWHN5czNsVENldmtkYlctbUdZRXhld0N3ejdQN1NUVXVTQWVEY1gxTmFfYTU1ZDhIMGgweWdIYkhMQkNrTXFRdnQ5eXFNZjJ5VVI0ZHpQNXRMOVhBOXQzeUpoWkNNX0wxVWJrUEdQN1VBNU1idnUyZG1vRG1YRzFaNk5YODl2QlJ2WjhKcjJNVWhhajRCcnRRaDlkY2ly?oc=5,solutionsreview.com
2025-07-23 13:33:28,Stay Ahead of Supply Chain Disruption: Register to View This Essential Livestream on Integrated Logistics - ACCESS Newswire,"<a href=""https://news.google.com/rss/articles/CBMi5AFBVV95cUxQSzNiNUFCMzJEWW1WSmFxNU1OVnFIUDhFUVlwVDBGckVfa0pvRHVyWlNsQVg2bXpQZlNhWU11QnBsYTQzMUNPRTNBMDJVS1BEUGNVUWdnblBJU1lmVHFITjJqRnR3eDctcU1nLXRiOVR0Y19RbEVuSThDbUZRa0c0RndzZVJjdVA4SWI2U0o2cVZEaHQ5QVN1YlhEcnBaYnRLY3oxcE1PSGR4Z0NLVmVYS05heUpSNXlMYWJkZFQ4UVc0d2ZBRDlKWG9SWW1vNS1nNzBMTXVEejRUaThrTnV1SVZmVXQ?oc=5"" target=""_blank"">Stay Ahead of Supply Chain Disruption: Register to View This Essential Livestream on Integrated Logistics</a>&nbsp;&nbsp;<font color=""#6f6f6f"">ACCESS Newswire</font>",https://news.google.com/rss/articles/CBMi5AFBVV95cUxQSzNiNUFCMzJEWW1WSmFxNU1OVnFIUDhFUVlwVDBGckVfa0pvRHVyWlNsQVg2bXpQZlNhWU11QnBsYTQzMUNPRTNBMDJVS1BEUGNVUWdnblBJU1lmVHFITjJqRnR3eDctcU1nLXRiOVR0Y19RbEVuSThDbUZRa0c0RndzZVJjdVA4SWI2U0o2cVZEaHQ5QVN1YlhEcnBaYnRLY3oxcE1PSGR4Z0NLVmVYS05heUpSNXlMYWJkZFQ4UVc0d2ZBRDlKWG9SWW1vNS1nNzBMTXVEejRUaThrTnV1SVZmVXQ?oc=5,ACCESS Newswire
2025-05-23 07:00:00,How AI & Analytics are Transforming Supply Chain Resilience - Supply Chain Digital Magazine,"<a href=""https://news.google.com/rss/articles/CBMipAFBVV95cUxQM1V0STZzZ0REVHdNTDZ6S3R3R19FREJrUDBSeVQ3dng2VUlBRUFhTEhCRklMSGExdHhlaHZIM2hWYXhOQWg3Sk1OS3ktRHFNRHpCTnNreU16T1JoM1lCV0JqUFVHd096U0l4UGpWdjl6MjdPVV9XcUtIbDhsX0pxLVhRbE51Q3hoNnlMN3V4Q1F5OTZSSEFPZGpnR01ZbE1WLUt5SA?oc=5"" target=""_blank"">How AI & Analytics are Transforming Supply Chain Resilience</a>&nbsp;&nbsp;<font color=""#6f6f6f"">Supply Chain Digital Magazine</font>",https://news.google.com/rss/articles/CBMipAFBVV95cUxQM1V0STZzZ0REVHdNTDZ6S3R3R19FREJrUDBSeVQ3dng2VUlBRUFhTEhCRklMSGExdHhlaHZIM2hWYXhOQWg3Sk1OS3ktRHFNRHpCTnNreU16T1JoM1lCV0JqUFVHd096U0l4UGpWdjl6MjdPVV9XcUtIbDhsX0pxLVhRbE51Q3hoNnlMN3V4Q1F5OTZSSEFPZGpnR01ZbE1WLUt5SA?oc=5,Supply Chain Digital Magazine
2025-07-07 15:56:47,Navigating Automotive Supply Chain Disruption: Insights From DP World’s David D’Annunzio - CSRwire,"<a href=""https://news.google.com/rss/articles/CBMitwFBVV95cUxPc0czSGkxYjl6NHU0aml4YU5vNDF1c2RMVmNqTTl0R2NkMC11M0NJcm9HcmNYUXpaeklaN2s2NEZxNnVUcGZJYnI1ZHZwMVFyaU51VTNBalBkbHQyWE9zNGpzd2lhNG9zQ0FRcGVRNXVmTXphclpfWmxUS01lcnJpanFvM3RZT2ZvanBla2dUNHRKLVBSck9Uc1FIbnhiQ0NVOUpib2g1ajcxMlEzOUVVd2xYSTFyaTg?oc=5"" target=""_blank"">Navigating Automotive Supply Chain Disruption: Insights From DP World’s David D’Annunzio</a>&nbsp;&nbsp;<font color=""#6f6f6f"">CSRwire</font>",https://news.google.com/rss/articles/CBMitwFBVV95cUxPc0czSGkxYjl6NHU0aml4YU5vNDF1c2RMVmNqTTl0R2NkMC11M0NJcm9HcmNYUXpaeklaN2s2NEZxNnVUcGZJYnI1ZHZwMVFyaU51VTNBalBkbHQyWE9zNGpzd2lhNG9zQ0FRcGVRNXVmTXphclpfWmxUS01lcnJpanFvM3RZT2ZvanBla2dUNHRKLVBSck9Uc1FIbnhiQ0NVOUpib2g1ajcxMlEzOUVVd2xYSTFyaTg?oc=5,CSRwire
2025-07-25 06:18:30,Bajaj Auto Faces EV Production Halt in August Amid Rare Earth Shortage: Reports - Autocar Professional,"<a href=""https://news.google.com/rss/articles/CBMitwFBVV95cUxOdk9fMUNxM2w1eGhQY05jZmVCWGl0MTMzeUpuZ2I1Y1Fvb01XaU1zbjlOSC1lcnpjOVpKWWNOTmtaZkVhbzd0Tk5SR0pyM2R3TmNMUktPY3hUQi1zV3dBUEpQSFZ6Tm9lUlpEZ0s5UGRrcGhrNjNCcExsRXB5akJBR1I0Z3JCSUY2TFQ2cWVCM25WNWpnVjJNYlk4eWlheXVaWDZmV09Cb2xXNm9JT0ljMDN2WlFpR3PSAb8BQVVfeXFMTjFtekxpcTUwYnJHSDgzVnhfcnZOUDZ6c2oyYi1xck5Ta3QxYy11U2ZRT1RlU251MGVDOVI0Z1FNb0lpZExfYXdkbUZqODZqdmp2UHZGNXRabHNEb2dSek9lRXB6a0dTZE5Jb2dwT2pmdFhRd1dyQ1VGX2JKQmFBd1FyRXUyRlhPQmN4Z0Fqb3dNSm9BVENEc3AwTk94eDFmcVBWSlRVV1ZmTjIzQVBwVHNVRzdON081eXF5U1QzMUk?oc=5"" target=""_blank"">Bajaj Auto Faces EV Production Halt in August Amid Rare Earth Shortage: Reports</a>&nbsp;&nbsp;<font color=""#6f6f6f"">Autocar Professional</font>",https://news.google.com/rss/articles/CBMitwFBVV95cUxOdk9fMUNxM2w1eGhQY05jZmVCWGl0MTMzeUpuZ2I1Y1Fvb01XaU1zbjlOSC1lcnpjOVpKWWNOTmtaZkVhbzd0Tk5SR0pyM2R3TmNMUktPY3hUQi1zV3dBUEpQSFZ6Tm9lUlpEZ0s5UGRrcGhrNjNCcExsRXB5akJBR1I0Z3JCSUY2TFQ2cWVCM25WNWpnVjJNYlk4eWlheXVaWDZmV09Cb2xXNm9JT0ljMDN2WlFpR3PSAb8BQVVfeXFMTjFtekxpcTUwYnJHSDgzVnhfcnZOUDZ6c2oyYi1xck5Ta3QxYy11U2ZRT1RlU251MGVDOVI0Z1FNb0lpZExfYXdkbUZqODZqdmp2UHZGNXRabHNEb2dSek9lRXB6a0dTZE5Jb2dwT2pmdFhRd1dyQ1VGX2JKQmFBd1FyRXUyRlhPQmN4Z0Fqb3dNSm9BVENEc3AwTk94eDFmcVBWSlRVV1ZmTjIzQVBwVHNVRzdON081eXF5U1QzMUk?oc=5,Autocar Professional
2025-07-01 09:02:56,The New Normal: Building Resilient Supply Chains in a World of Constant Disruption - Maersk,"<a href=""https://news.google.com/rss/articles/CBMisAFBVV95cUxORWZHazZOWTFld0NSb3NKWGxDMzdqVEFBRXRkZjJsRDNmNmd3QnVVc2JNRWVyVGt1R0JkdjJXaFdyRlhxd1U0UDN4MkZKbV9sYU5DNjBfMWFUb3hpSXhXUmx3d2hQSUk0QUNvSEtfWUdLQVhzb21BWkI3SERubUphdXFiN0FIZTU4dVBxRmRvMEplQ0JWTjBnV3FkdXUwU29pdUQzWE4ydWlaQUhCajFGag?oc=5"" target=""_blank"">The New Normal: Building Resilient Supply Chains in a World of Constant Disruption</a>&nbsp;&nbsp;<font color=""#6f6f6f"">Maersk</font>",https://news.google.com/rss/articles/CBMisAFBVV95cUxORWZHazZOWTFld0NSb3NKWGxDMzdqVEFBRXRkZjJsRDNmNmd3QnVVc2JNRWVyVGt1R0JkdjJXaFdyRlhxd1U0UDN4MkZKbV9sYU5DNjBfMWFUb3hpSXhXUmx3d2hQSUk0QUNvSEtfWUdLQVhzb21BWkI3SERubUphdXFiN0FIZTU4dVBxRmRvMEplQ0JWTjBnV3FkdXUwU29pdUQzWE4ydWlaQUhCajFGag?oc=5,Maersk
2025-07-25 07:06:18,"87% of Companies Boost Sustainability, Despite Regulatory Debate - Material Handling and Logistics","<a href=""https://news.google.com/rss/articles/CBMivAFBVV95cUxOamFTeGVCbmI0ZkRDOXR2WExrQjdMZ1A1ald1ZnFDZWFQTlhvMGs4V3U5ZG1HcEJJSmdTdmllMDhLQXdoMk5RbTlON2ZseXkwS2Z4cFNkVlFYNmpMYnlhcFR3TkZIWWxxTnlSaEZ1LVpoNmdUSUF4dDBReTdWUFVlTC1fSGZxYnduTmxoWGZEVkYxRmxBRmJxelNyM01rQXhUXzB0RURmdWk4azVUUlN4cGYzbzdwSExwV2FhYQ?oc=5"" target=""_blank"">87% of Companies Boost Sustainability, Despite Regulatory Debate</a>&nbsp;&nbsp;<font color=""#6f6f6f"">Material Handling and Logistics</font>",https://news.google.com/rss/articles/CBMivAFBVV95cUxOamFTeGVCbmI0ZkRDOXR2WExrQjdMZ1A1ald1ZnFDZWFQTlhvMGs4V3U5ZG1HcEJJSmdTdmllMDhLQXdoMk5RbTlON2ZseXkwS2Z4cFNkVlFYNmpMYnlhcFR3TkZIWWxxTnlSaEZ1LVpoNmdUSUF4dDBReTdWUFVlTC1fSGZxYnduTmxoWGZEVkYxRmxBRmJxelNyM01rQXhUXzB0RURmdWk4azVUUlN4cGYzbzdwSExwV2FhYQ?oc=5,Material Handling and Logistics
2024-12-21 09:55:17,A multi-disruption risk analysis system for sustainable supply chain resilience - ScienceDirect.com,"<a href=""https://news.google.com/rss/articles/CBMidkFVX3lxTE5IRXFkMFBwbHpCTlZJT29TRWFvTFlWOXZMMUF5OTFWM215cHVFclZTb0xWM0VpZGxXYkJMYmZzVWt5Z3VBX3VDQ05DQjI4T1MzeDlneGs3X0RxS3JWaGVQOGktcW05TjhXNXo3RVVDNnJmYS0zS2c?oc=5"" target=""_blank"">A multi-disruption risk analysis system for sustainable supply chain resilience</a>&nbsp;&nbsp;<font color=""#6f6f6f"">ScienceDirect.com</font>",https://news.google.com/rss/articles/CBMidkFVX3lxTE5IRXFkMFBwbHpCTlZJT29TRWFvTFlWOXZMMUF5OTFWM215cHVFclZTb0xWM0VpZGxXYkJMYmZzVWt5Z3VBX3VDQ05DQjI4T1MzeDlneGs3X0RxS3JWaGVQOGktcW05TjhXNXo3RVVDNnJmYS0zS2c?oc=5,ScienceDirect.com
2025-07-25 11:32:49,Moody's: Andrei Quinn-Barabanov on Value at Risk - Supply Chain Digital Magazine,"<a href=""https://news.google.com/rss/articles/CBMia0FVX3lxTE1zV0lOUGNfT1VrcFRwUFNKWEpSNTVWeXgtU1FmSkdfT1FoQWY5dV84cEE4OEFaN2tHVmM1eDl6d0FQbC02UkNqUHc0MnJVNDJNb0F4bDk4RXp4NnJ4bkhWZDRlcEJQNEx3RHRJ?oc=5"" target=""_blank"">Moody's: Andrei Quinn-Barabanov on Value at Risk</a>&nbsp;&nbsp;<font color=""#6f6f6f"">Supply Chain Digital Magazine</font>",https://news.google.com/rss/articles/CBMia0FVX3lxTE1zV0lOUGNfT1VrcFRwUFNKWEpSNTVWeXgtU1FmSkdfT1FoQWY5dV84cEE4OEFaN2tHVmM1eDl6d0FQbC02UkNqUHc0MnJVNDJNb0F4bDk4RXp4NnJ4bkhWZDRlcEJQNEx3RHRJ?oc=5,Supply Chain Digital Magazine
2024-12-24 08:00:00,"What to Expect in 2025 – 3 hurdles to resilient, antifragile supply chains - Maersk","<a href=""https://news.google.com/rss/articles/CBMiwAFBVV95cUxQLVRjTktqUmpEYzhjeGg0REJseE0zN0JabGZkdGYxUzJxT2l4dEh1MUloRkpMT1JxeFU2enl6d3lhZ0VNUUFnUWtub3lJb2NEMnFBUjlZcVRpOGtOT1l1b2NPQm1rMDVyVjY4RjBrVnVRdjNjYjRoZEQxNlZSaEQxbWNkMzFEeEk4REFidU5uODhwd3lycGdPaEo1aFo5UWt3WjFPMWdfUGtkSzR4UVNJTUZQSm0xdkxiWk1hZER1U28?oc=5"" target=""_blank"">What to Expect in 2025 – 3 hurdles to resilient, antifragile supply chains</a>&nbsp;&nbsp;<font color=""#6f6f6f"">Maersk</font>",https://news.google.com/rss/articles/CBMiwAFBVV95cUxQLVRjTktqUmpEYzhjeGg0REJseE0zN0JabGZkdGYxUzJxT2l4dEh1MUloRkpMT1JxeFU2enl6d3lhZ0VNUUFnUWtub3lJb2NEMnFBUjlZcVRpOGtOT1l1b2NPQm1rMDVyVjY4RjBrVnVRdjNjYjRoZEQxNlZSaEQxbWNkMzFEeEk4REFidU5uODhwd3lycGdPaEo1aFo5UWt3WjFPMWdfUGtkSzR4UVNJTUZQSm0xdkxiWk1hZER1U28?oc=5,Maersk
2025-03-07 08:00:00,Global Coffee Market Volatility: Lens on Supply Chain Disruption - ChemAnalyst,"<a href=""https://news.google.com/rss/articles/CBMivwFBVV95cUxQSlVzNndXanJXZnlzcFl4QWRycnR2dUxKTmhaci1jU1p1VW45UTR0RTRMTk9MSGNveFE3ZEVmOVN1TXprSFlwN1hOOHY5TzFhdGNrOWd3SWRuUklVWWZ0ODdGYXh6QjB4WlBJbnJmdDBTVVBtREhOTllCZDhmUEtCbmJuQVIxbnV6TTZHMkFyZTdGemNJNF9fQ016alhzR2ktWGxRNFBGallTM01NemdtY3dkZkRWb1ZaaGd1dXY0OA?oc=5"" target=""_blank"">Global Coffee Market Volatility: Lens on Supply Chain Disruption</a>&nbsp;&nbsp;<font color=""#6f6f6f"">ChemAnalyst</font>",https://news.google.com/rss/articles/CBMivwFBVV95cUxQSlVzNndXanJXZnlzcFl4QWRycnR2dUxKTmhaci1jU1p1VW45UTR0RTRMTk9MSGNveFE3ZEVmOVN1TXprSFlwN1hOOHY5TzFhdGNrOWd3SWRuUklVWWZ0ODdGYXh6QjB4WlBJbnJmdDBTVVBtREhOTllCZDhmUEtCbmJuQVIxbnV6TTZHMkFyZTdGemNJNF9fQ016alhzR2ktWGxRNFBGallTM01NemdtY3dkZkRWb1ZaaGd1dXY0OA?oc=5,ChemAnalyst
2024-10-14 07:00:00,Supply chains: Still vulnerable - McKinsey & Company,"<a href=""https://news.google.com/rss/articles/CBMijwFBVV95cUxOZDc0TEl5Q0NQLU9Qay15cVpnZ0EzVFJ2elhDU3FqODlMR1ZpaGNNM3N3bDFCQWpIcS1NeVdFeVgwQjVPYzY2SnlrQ0RId0J6WS1mSWdQYmIzZGczeG9NVzNEQlYxMHUyYlltLW1CSlA5clNqMnV6QUJydDZOaFdBc2dfZVVnV3BhclZHTXgxSQ?oc=5"" target=""_blank"">Supply chains: Still vulnerable</a>&nbsp;&nbsp;<font color=""#6f6f6f"">McKinsey & Company</font>",https://news.google.com/rss/articles/CBMijwFBVV95cUxOZDc0TEl5Q0NQLU9Qay15cVpnZ0EzVFJ2elhDU3FqODlMR1ZpaGNNM3N3bDFCQWpIcS1NeVdFeVgwQjVPYzY2SnlrQ0RId0J6WS1mSWdQYmIzZGczeG9NVzNEQlYxMHUyYlltLW1CSlA5clNqMnV6QUJydDZOaFdBc2dfZVVnV3BhclZHTXgxSQ?oc=5,McKinsey & Company
2025-06-05 07:00:00,Enhancing supply chain resilience: Key strategies to thrive in disruption - Maersk,"<a href=""https://news.google.com/rss/articles/CBMikwFBVV95cUxQakQwT05XMG1hd2lXWWFValpPSE5RbnM5MmNpd3BiNDROZmIwZGpMaVpaalZJQmp5NTZUbGJ2R1RVQ1ZyRjlhMlQ4ZDE1VEtZVV9hem9aV3NmWVR4MG5mcHFob1dqbmxSem9SZzFYTFprWi01TXRWNzVhNUlOTDNIc21sdlItVVppQkY1Nk9CZVhYd1U?oc=5"" target=""_blank"">Enhancing supply chain resilience: Key strategies to thrive in disruption</a>&nbsp;&nbsp;<font color=""#6f6f6f"">Maersk</font>",https://news.google.com/rss/articles/CBMikwFBVV95cUxQakQwT05XMG1hd2lXWWFValpPSE5RbnM5MmNpd3BiNDROZmIwZGpMaVpaalZJQmp5NTZUbGJ2R1RVQ1ZyRjlhMlQ4ZDE1VEtZVV9hem9aV3NmWVR4MG5mcHFob1dqbmxSem9SZzFYTFprWi01TXRWNzVhNUlOTDNIc21sdlItVVppQkY1Nk9CZVhYd1U?oc=5,Maersk
2025-07-22 04:00:00,U.S. Container Volumes Set for Sharp Reversal on Tariff Disruption - Supply Chain Brain,"<a href=""https://news.google.com/rss/articles/CBMisgFBVV95cUxObmNhOHJETmlYUjkzUk9DTlRRc3lndkc5UnZya1NlVUNBVk8zODlGQmROeEtDUjlrM3lNYWdoTDZURk1NQXkxT1ZVSW40WkswWkJ1NHM0SWx2VGp3QTZCYWE1Y0dCU2l6eWRvRkhmZDZ0cGRuR0JtOUVKdU1fVTM0dGtlMmRvRDd1Zi15R3dXdlpycEo0aGxMZW94S1k1VE05UWhpYm50N2tGaXVDdEJ3ekpn?oc=5"" target=""_blank"">U.S. Container Volumes Set for Sharp Reversal on Tariff Disruption</a>&nbsp;&nbsp;<font color=""#6f6f6f"">Supply Chain Brain</font>",https://news.google.com/rss/articles/CBMisgFBVV95cUxObmNhOHJETmlYUjkzUk9DTlRRc3lndkc5UnZya1NlVUNBVk8zODlGQmROeEtDUjlrM3lNYWdoTDZURk1NQXkxT1ZVSW40WkswWkJ1NHM0SWx2VGp3QTZCYWE1Y0dCU2l6eWRvRkhmZDZ0cGRuR0JtOUVKdU1fVTM0dGtlMmRvRDd1Zi15R3dXdlpycEo0aGxMZW94S1k1VE05UWhpYm50N2tGaXVDdEJ3ekpn?oc=5,Supply Chain Brain
2024-11-05 08:00:00,3 out of 4 European shippers have experienced supply chain disruption in the past 12 months – more than half with significant cost impact - Maersk,"<a href=""https://news.google.com/rss/articles/CBMiwgFBVV95cUxNRkg1ZS11c2tSbW9hSDdTWWVqUlVNVlN3S25JY25xa05KaDJIYUkzTHhzbUxXeEg5T29jQkxoaDgzTXdHLUYzdFRaWkRvRTJaZ0VmY0VVcGVmN0ota2x2OE5zY1lJTFh2c25GUFEtTzZMZjRTd05FSUphX0VBcTV5cWxhQlh0WE9nVjRMb2hvc3pyTDIwOGxMd25NUGNCZVp6S0xMdmxKcHlpcDA2a0JzRmxQUjNqME45NXVSaUV0U0xkUQ?oc=5"" target=""_blank"">3 out of 4 European shippers have experienced supply chain disruption in the past 12 months – more than half with significant cost impact</a>&nbsp;&nbsp;<font color=""#6f6f6f"">Maersk</font>",https://news.google.com/rss/articles/CBMiwgFBVV95cUxNRkg1ZS11c2tSbW9hSDdTWWVqUlVNVlN3S25JY25xa05KaDJIYUkzTHhzbUxXeEg5T29jQkxoaDgzTXdHLUYzdFRaWkRvRTJaZ0VmY0VVcGVmN0ota2x2OE5zY1lJTFh2c25GUFEtTzZMZjRTd05FSUphX0VBcTV5cWxhQlh0WE9nVjRMb2hvc3pyTDIwOGxMd25NUGNCZVp6S0xMdmxKcHlpcDA2a0JzRmxQUjNqME45NXVSaUV0U0xkUQ?oc=5,Maersk
2025-03-28 07:00:00,Inspectorio Explores Supply Chain Disruption in 2025 - Supply Chain Digital Magazine,"<a href=""https://news.google.com/rss/articles/CBMipAFBVV95cUxNWVdidFhQZ2VzNzVCMGE5cHc1VWExZ1pnWnZJYmFobU1SbWVrMHdNZ0RKbUUtTG1oWFRsS19vWkp0RzJ1akN5Q215NFA1NlZnc3lveERiTGI5dUxNMFJHOVhRNGZWcksyZE8tNmhlZUxBUUpCUTYteFpFdk9tU1hZdmd1V0dkemJieklwa1F3TmVNM3NSN0k5V040dnpaendIRGYybw?oc=5"" target=""_blank"">Inspectorio Explores Supply Chain Disruption in 2025</a>&nbsp;&nbsp;<font color=""#6f6f6f"">Supply Chain Digital Magazine</font>",https://news.google.com/rss/articles/CBMipAFBVV95cUxNWVdidFhQZ2VzNzVCMGE5cHc1VWExZ1pnWnZJYmFobU1SbWVrMHdNZ0RKbUUtTG1oWFRsS19vWkp0RzJ1akN5Q215NFA1NlZnc3lveERiTGI5dUxNMFJHOVhRNGZWcksyZE8tNmhlZUxBUUpCUTYteFpFdk9tU1hZdmd1V0dkemJieklwa1F3TmVNM3NSN0k5V040dnpaendIRGYybw?oc=5,Supply Chain Digital Magazine
2024-12-19 08:00:00,Enhancing supply chain resilience amid rising global risks - UN Trade and Development (UNCTAD),"<a href=""https://news.google.com/rss/articles/CBMiigFBVV95cUxPUzZQUF9ieFJ4X0pzNzFLZnV1c0JSWmZvSEJ1dVBxUW9kNnp3TzBVc2RxbjkxVFJOc1d0WUM2clc3cjhSS3FUUmx2ek1hTFRtWm94SnB4blBUV2RXZXRBQW1nNGMtX3JlZHZISWk3NkdWejNCWXd6LWdoYktaZVFKMklFcFZxZFNIYXc?oc=5"" target=""_blank"">Enhancing supply chain resilience amid rising global risks</a>&nbsp;&nbsp;<font color=""#6f6f6f"">UN Trade and Development (UNCTAD)</font>",https://news.google.com/rss/articles/CBMiigFBVV95cUxPUzZQUF9ieFJ4X0pzNzFLZnV1c0JSWmZvSEJ1dVBxUW9kNnp3TzBVc2RxbjkxVFJOc1d0WUM2clc3cjhSS3FUUmx2ek1hTFRtWm94SnB4blBUV2RXZXRBQW1nNGMtX3JlZHZISWk3NkdWejNCWXd6LWdoYktaZVFKMklFcFZxZFNIYXc?oc=5,UN Trade and Development (UNCTAD)
2024-10-02 07:00:00,Latest BCI report reveals escalating supply chain disruptions drive increased tier mapping and insurance uptake - The Business Continuity Institute (BCI),"<a href=""https://news.google.com/rss/articles/CBMiqwFBVV95cUxPbnE2M2dGVS02NGllbk5Xa1ZDVjV3eGZWTFg2UkhSdV9hN3Q0MmpsaTRhcXFQb2h4WE1ta1ppVkptenJUdjJiVUJ0Uk1YazJUbjRaZndPM3cwNDg0OGtHWW1GMnNNemtqRklwb0FGMlZmZTZDcXVZejktZ1dVX0V0M0VaT0lhbk5pSVN3T3pYdS1XS3JPRERaUXQ2ZGwwWHVzNXVtU3p0bF8yeGc?oc=5"" target=""_blank"">Latest BCI report reveals escalating supply chain disruptions drive increased tier mapping and insurance uptake</a>&nbsp;&nbsp;<font color=""#6f6f6f"">The Business Continuity Institute (BCI)</font>",https://news.google.com/rss/articles/CBMiqwFBVV95cUxPbnE2M2dGVS02NGllbk5Xa1ZDVjV3eGZWTFg2UkhSdV9hN3Q0MmpsaTRhcXFQb2h4WE1ta1ppVkptenJUdjJiVUJ0Uk1YazJUbjRaZndPM3cwNDg0OGtHWW1GMnNNemtqRklwb0FGMlZmZTZDcXVZejktZ1dVX0V0M0VaT0lhbk5pSVN3T3pYdS1XS3JPRERaUXQ2ZGwwWHVzNXVtU3p0bF8yeGc?oc=5,The Business Continuity Institute (BCI)
2025-05-22 07:00:00,Navigating tariff-driven supply chain disruptions - RELEX Solutions,"<a href=""https://news.google.com/rss/articles/CBMilAFBVV95cUxNajdrbTJBR0JUM2pmMzNRYUZ2b3BxbENIcTJNeVNCTWJWOTlGMWg1d0llT0JyLTdZLXlIZFR5VkRKUXRvMWRQTG5CSlIyV0JNSkxmU0t1aXMyTllEUzg1eU01MEhlYmQ0T24xQS1KdWVicWhGOHF4RVhWaER6S2xmRjBXYUZlQjYyeVc2QUl6UG1fRUUt?oc=5"" target=""_blank"">Navigating tariff-driven supply chain disruptions</a>&nbsp;&nbsp;<font color=""#6f6f6f"">RELEX Solutions</font>",https://news.google.com/rss/articles/CBMilAFBVV95cUxNajdrbTJBR0JUM2pmMzNRYUZ2b3BxbENIcTJNeVNCTWJWOTlGMWg1d0llT0JyLTdZLXlIZFR5VkRKUXRvMWRQTG5CSlIyV0JNSkxmU0t1aXMyTllEUzg1eU01MEhlYmQ0T24xQS1KdWVicWhGOHF4RVhWaER6S2xmRjBXYUZlQjYyeVc2QUl6UG1fRUUt?oc=5,RELEX Solutions
2025-07-25 19:02:59,American Air’s New Airbus Jet Grounded by Supply Chain Issue - Bloomberg.com,"<a href=""https://news.google.com/rss/articles/CBMisAFBVV95cUxQMmFBMTRaeTVkY0h5SlF5Vk5PSVBmVC1Oc0tUaXA3R3VQWWVJYXNYSE50YndLVnZSVEdnbDB4dmxDeWVqNnhEUTVpWGJOTWZZbHU3RHVaZUh4bEE5MmdvTWx1ZC1PS3VSLUhUWDJjZWlwRm5lQnR3cFRTdUZFVFJSVWh0QnZiS0xuN1pSTGkwWkt5LU9SSlJWREQxXzEtYWtTM3lnRWxqOXFULWMtamlDOA?oc=5"" target=""_blank"">American Air’s New Airbus Jet Grounded by Supply Chain Issue</a>&nbsp;&nbsp;<font color=""#6f6f6f"">Bloomberg.com</font>",https://news.google.com/rss/articles/CBMisAFBVV95cUxQMmFBMTRaeTVkY0h5SlF5Vk5PSVBmVC1Oc0tUaXA3R3VQWWVJYXNYSE50YndLVnZSVEdnbDB4dmxDeWVqNnhEUTVpWGJOTWZZbHU3RHVaZUh4bEE5MmdvTWx1ZC1PS3VSLUhUWDJjZWlwRm5lQnR3cFRTdUZFVFJSVWh0QnZiS0xuN1pSTGkwWkt5LU9SSlJWREQxXzEtYWtTM3lnRWxqOXFULWMtamlDOA?oc=5,Bloomberg.com
2025-04-14 07:00:00,"The global supply chain’s reaction to the Trump tariffs: Crash, maneuver & stand-by - Thomson Reuters","<a href=""https://news.google.com/rss/articles/CBMijgFBVV95cUxOaTVjallwZUhPdTRoVzNIUXlFMVZhbzE3X1E2eEJCSWNmR25Fb3g4UFZ6QUl0SFBsNkpkdjd2cE9fbWVsb2pITEJ1MUJidnlWa09ZdEV6SXVRNUZod0YyVWlYMlRuckoyM05MRDdiVVNuNG9CWGloLXAySWZkX0hMeGZFYmJvYmRsNjI0bGln?oc=5"" target=""_blank"">The global supply chain’s reaction to the Trump tariffs: Crash, maneuver & stand-by</a>&nbsp;&nbsp;<font color=""#6f6f6f"">Thomson Reuters</font>",https://news.google.com/rss/articles/CBMijgFBVV95cUxOaTVjallwZUhPdTRoVzNIUXlFMVZhbzE3X1E2eEJCSWNmR25Fb3g4UFZ6QUl0SFBsNkpkdjd2cE9fbWVsb2pITEJ1MUJidnlWa09ZdEV6SXVRNUZod0YyVWlYMlRuckoyM05MRDdiVVNuNG9CWGloLXAySWZkX0hMeGZFYmJvYmRsNjI0bGln?oc=5,Thomson Reuters
2025-06-03 07:00:00,Diversify critical mineral supply chain or face disruption: IEA - Times of India,"<a href=""https://news.google.com/rss/articles/CBMi4gFBVV95cUxNU1VNRzRsQXVYVFNJUXlmVlBGLTZkTElPc2pEME5GZjBhbzV0MGl1NDJTb1h3bkJ3cDRSZl8ySVN5TlRxN05pS0QxNk93U01FOEtkclVUelhKRnhaRzF0c1RHd0VJQU4zMUJTMmJmdFpQbURxcVdJaUZlLVJodmstYk9Ocm8ybHhVN192REhIRm83UkJONnVTSTJJV1NURmdSZVg4aFFMQ1R3SXMtLS1hdXYwNTlwNmZ3dHNNRnV5NnowVHExeFJ1Z0IwMGpCcXg5MkRFSFdrTERLZ2Q3SUctQ1FB0gHnAUFVX3lxTE5Tc1YxMmhsc0pScThBWnVLOG1RTUx6RXhWWkpOV0loUEN4M1Y5WWpRZ3BQVHJGTHB2QVRzd0JqOTlsODhLb2FlT0N3NVR3czNNNFdkclNYNHFwUGdFMVp2d21jYVk5Sl96S0pIbUcyOFprSUZHNFJqUUQwMUVVcFZ4ZW0wMHRDVTZkOHhYeVV1Z3Fmalh5SmRHbW5NZm96Q3lnZWFabm5zeUZGMHhqM0pmR0Nqam02Z1A0bm1ZWjQ5UVhXZHFuYU1vcUtHWTZSYXBpcElUaXNxWXo5SmtsMTAweUNWQVRNcw?oc=5"" target=""_blank"">Diversify critical mineral supply chain or face disruption: IEA</a>&nbsp;&nbsp;<font color=""#6f6f6f"">Times of India</font>",https://news.google.com/rss/articles/CBMi4gFBVV95cUxNU1VNRzRsQXVYVFNJUXlmVlBGLTZkTElPc2pEME5GZjBhbzV0MGl1NDJTb1h3bkJ3cDRSZl8ySVN5TlRxN05pS0QxNk93U01FOEtkclVUelhKRnhaRzF0c1RHd0VJQU4zMUJTMmJmdFpQbURxcVdJaUZlLVJodmstYk9Ocm8ybHhVN192REhIRm83UkJONnVTSTJJV1NURmdSZVg4aFFMQ1R3SXMtLS1hdXYwNTlwNmZ3dHNNRnV5NnowVHExeFJ1Z0IwMGpCcXg5MkRFSFdrTERLZ2Q3SUctQ1FB0gHnAUFVX3lxTE5Tc1YxMmhsc0pScThBWnVLOG1RTUx6RXhWWkpOV0loUEN4M1Y5WWpRZ3BQVHJGTHB2QVRzd0JqOTlsODhLb2FlT0N3NVR3czNNNFdkclNYNHFwUGdFMVp2d21jYVk5Sl96S0pIbUcyOFprSUZHNFJqUUQwMUVVcFZ4ZW0wMHRDVTZkOHhYeVV1Z3Fmalh5SmRHbW5NZm96Q3lnZWFabm5zeUZGMHhqM0pmR0Nqam02Z1A0bm1ZWjQ5UVhXZHFuYU1vcUtHWTZSYXBpcElUaXNxWXo5SmtsMTAweUNWQVRNcw?oc=5,Times of India
2025-05-21 07:00:00,Supply Chain Resilience: The Path to Antifragility - Gartner,"<a href=""https://news.google.com/rss/articles/CBMia0FVX3lxTE5vdzJ6d2JxaWtGcXl1QUtCT3NDOWd4SjNncXBJMkdVY1RBWUpzWC1YeEh1M3o5dFlJRFl3bzEwUVVBUzhLYnNUMC13Z25IREdNel9XZG1QLUcycHJ4UktwV0s0ZmFQblpoR1d3?oc=5"" target=""_blank"">Supply Chain Resilience: The Path to Antifragility</a>&nbsp;&nbsp;<font color=""#6f6f6f"">Gartner</font>",https://news.google.com/rss/articles/CBMia0FVX3lxTE5vdzJ6d2JxaWtGcXl1QUtCT3NDOWd4SjNncXBJMkdVY1RBWUpzWC1YeEh1M3o5dFlJRFl3bzEwUVVBUzhLYnNUMC13Z25IREdNel9XZG1QLUcycHJ4UktwV0s0ZmFQblpoR1d3?oc=5,Gartner
2025-01-16 08:00:00,Supply Chain: FDA's Role - fda.gov,"<a href=""https://news.google.com/rss/articles/CBMilgFBVV95cUxOaS1oOUZXVGltTVhaY3I2RHRYT2hkYWZHYkdTRG5HTkVWWjVxMy0zX280eHFoN2tTN2FLOVVvbEhPcm5mWXZoQ2xMcHl3QXhNZUtVYnBTSGVpRXJrUFQ3SkVEQ3NCbXJWRWRZQ2dKdE9kWEVJRHpyMUpfTXlzclp2UFo1NTZfWkV0NExWODVrdmtsVzB3R2c?oc=5"" target=""_blank"">Supply Chain: FDA's Role</a>&nbsp;&nbsp;<font color=""#6f6f6f"">fda.gov</font>",https://news.google.com/rss/articles/CBMilgFBVV95cUxOaS1oOUZXVGltTVhaY3I2RHRYT2hkYWZHYkdTRG5HTkVWWjVxMy0zX280eHFoN2tTN2FLOVVvbEhPcm5mWXZoQ2xMcHl3QXhNZUtVYnBTSGVpRXJrUFQ3SkVEQ3NCbXJWRWRZQ2dKdE9kWEVJRHpyMUpfTXlzclp2UFo1NTZfWkV0NExWODVrdmtsVzB3R2c?oc=5,fda.gov
2025-05-27 07:00:00,Supply Chain News Roundup: Employ ‘Plasticity’ to Respond Ahead of Disruption - ISM,"<a href=""https://news.google.com/rss/articles/CBMirgJBVV95cUxNUUZwWVlyZkR1Qkh1cXhsRWIxNlZfSWZTdmFfZFN2UkdaSzZvZGZZQ2JDWHV4Q0hxbGR1dmptblV3VzdJdnFRemhMbm1sTW1xQ0gtWVBvdFNmRE5ma3B3Wm9UdEJXV3BHeGpCeGdmZl9UNnBYYW1ad1BZVE1zMU1EbFBMMVJKSXBmZ0hvUnpFTlBFWXV5dVJUTXV3UzY2RS1SeVhOX0FmaDZBSUZDTzdxbGF0Z0JQbWpBckJXcTBvWlhpMElnT29aXzdvMDZkbTNPV2UtWm1CcnloQ1RRZlJHY1JKTFVVQkZTaWlTM19SbDBkcE16cmhhSVN3TUFXemJ6OG0tcDY2Z0dfbWN1TkhXR0h1cldodEIzUUxlZk5uYXN4eWV3UHJ1bExXN2RKZw?oc=5"" target=""_blank"">Supply Chain News Roundup: Employ ‘Plasticity’ to Respond Ahead of Disruption</a>&nbsp;&nbsp;<font color=""#6f6f6f"">ISM</font>",https://news.google.com/rss/articles/CBMirgJBVV95cUxNUUZwWVlyZkR1Qkh1cXhsRWIxNlZfSWZTdmFfZFN2UkdaSzZvZGZZQ2JDWHV4Q0hxbGR1dmptblV3VzdJdnFRemhMbm1sTW1xQ0gtWVBvdFNmRE5ma3B3Wm9UdEJXV3BHeGpCeGdmZl9UNnBYYW1ad1BZVE1zMU1EbFBMMVJKSXBmZ0hvUnpFTlBFWXV5dVJUTXV3UzY2RS1SeVhOX0FmaDZBSUZDTzdxbGF0Z0JQbWpBckJXcTBvWlhpMElnT29aXzdvMDZkbTNPV2UtWm1CcnloQ1RRZlJHY1JKTFVVQkZTaWlTM19SbDBkcE16cmhhSVN3TUFXemJ6OG0tcDY2Z0dfbWN1TkhXR0h1cldodEIzUUxlZk5uYXN4eWV3UHJ1bExXN2RKZw?oc=5,ISM
2025-06-09 07:00:00,Three priorities for surviving retail supply chain disruption - Retail Asia,"<a href=""https://news.google.com/rss/articles/CBMijgFBVV95cUxOajZXZmxieUdGR0VOQUlwdHpMWmNfb1dXMnl2OUFEaW5Jc0RqM1cza0YxaVdkZGFuMTBaWXhJSVE0alZNTmdnZkZKc1RzaW1UcUhGTDY2N08xRjU4eVgxdl93NVNVNlJQOWVlR01aYlhCSFRzWlFPdkRacVQtYmo2emNTWWJZNmpadm5QeVp3?oc=5"" target=""_blank"">Three priorities for surviving retail supply chain disruption</a>&nbsp;&nbsp;<font color=""#6f6f6f"">Retail Asia</font>",https://news.google.com/rss/articles/CBMijgFBVV95cUxOajZXZmxieUdGR0VOQUlwdHpMWmNfb1dXMnl2OUFEaW5Jc0RqM1cza0YxaVdkZGFuMTBaWXhJSVE0alZNTmdnZkZKc1RzaW1UcUhGTDY2N08xRjU4eVgxdl93NVNVNlJQOWVlR01aYlhCSFRzWlFPdkRacVQtYmo2emNTWWJZNmpadm5QeVp3?oc=5,Retail Asia
2024-12-13 08:00:00,Global Supply Chain report - PwC,"<a href=""https://news.google.com/rss/articles/CBMiogFBVV95cUxOcUN1eXVmM2hKQ2xrTjRKZ0pOa1hhZGtsT29KZFZicXJEMjVXVlZER1U3blF5d0dCMFRLV2VWbTl6WEVVcC1la0RsdGVUTVdVak5WWkl5eWFfX0pFaUNHdzhmTncxcHJXejRzRXFuZEpQcENFMXJlcTQySndfZnNhajhSZTR6UGNoby0ycjdWMUJwcHROcnhoUjZndzV2dWc1dUE?oc=5"" target=""_blank"">Global Supply Chain report</a>&nbsp;&nbsp;<font color=""#6f6f6f"">PwC</font>",https://news.google.com/rss/articles/CBMiogFBVV95cUxOcUN1eXVmM2hKQ2xrTjRKZ0pOa1hhZGtsT29KZFZicXJEMjVXVlZER1U3blF5d0dCMFRLV2VWbTl6WEVVcC1la0RsdGVUTVdVak5WWkl5eWFfX0pFaUNHdzhmTncxcHJXejRzRXFuZEpQcENFMXJlcTQySndfZnNhajhSZTR6UGNoby0ycjdWMUJwcHROcnhoUjZndzV2dWc1dUE?oc=5,PwC
2025-07-01 07:00:00,Wine shortage concerns feeding supply chain diversification discussions - The Manufacturer,"<a href=""https://news.google.com/rss/articles/CBMiswFBVV95cUxNMXZVNXlsQVhpUjk4cXhlbFhDRm92Sm9yZHZzSm5kaUFtbFZ2WVQ0YlJncm42NVh0OGk1TlAyTzdaVmtoV0NMLTE0Vmdxb3VwSjYtVDVDdWlQN1RpWVh0YlU3dGIzQ1dRVFZQOEtWOFFNWnZvRmRrZDVWNTNZMnZ0dnlibUZnNEt0MTVvOF9jQWRzQTlrcnd5Vk8tYmdWRWppZkJhTTBDZUxKcjFqRFNZRjRhWQ?oc=5"" target=""_blank"">Wine shortage concerns feeding supply chain diversification discussions</a>&nbsp;&nbsp;<font color=""#6f6f6f"">The Manufacturer</font>",https://news.google.com/rss/articles/CBMiswFBVV95cUxNMXZVNXlsQVhpUjk4cXhlbFhDRm92Sm9yZHZzSm5kaUFtbFZ2WVQ0YlJncm42NVh0OGk1TlAyTzdaVmtoV0NMLTE0Vmdxb3VwSjYtVDVDdWlQN1RpWVh0YlU3dGIzQ1dRVFZQOEtWOFFNWnZvRmRrZDVWNTNZMnZ0dnlibUZnNEt0MTVvOF9jQWRzQTlrcnd5Vk8tYmdWRWppZkJhTTBDZUxKcjFqRFNZRjRhWQ?oc=5,The Manufacturer
2024-11-07 08:00:00,Maersk: 76% of European Shippers Face Costly Disruptions - Supply Chain Digital Magazine,"<a href=""https://news.google.com/rss/articles/CBMisAFBVV95cUxNNjNZc1lYWjJmSWNrV19BMzhkZkNHbUZxS3AzZzlQZ2dtTTZndFNZbjdsVks4S0dVRk92Q2xLU1VxMHpSSzF4UEdOMVNiUHFPc2dDMWZiQ0V0ZDlDSmEteDh4d3ZLNHM1M2ZwY083SkxPeVA2aU9ibmRldWEwUUdmbGVqa205d2VBOTh4Q1JTV0Q5ODZQZERFVkp2NUR6dXFHd3FYbGctYkxrcXVwYlBqdA?oc=5"" target=""_blank"">Maersk: 76% of European Shippers Face Costly Disruptions</a>&nbsp;&nbsp;<font color=""#6f6f6f"">Supply Chain Digital Magazine</font>",https://news.google.com/rss/articles/CBMisAFBVV95cUxNNjNZc1lYWjJmSWNrV19BMzhkZkNHbUZxS3AzZzlQZ2dtTTZndFNZbjdsVks4S0dVRk92Q2xLU1VxMHpSSzF4UEdOMVNiUHFPc2dDMWZiQ0V0ZDlDSmEteDh4d3ZLNHM1M2ZwY083SkxPeVA2aU9ibmRldWEwUUdmbGVqa205d2VBOTh4Q1JTV0Q5ODZQZERFVkp2NUR6dXFHd3FYbGctYkxrcXVwYlBqdA?oc=5,Supply Chain Digital Magazine
2025-03-17 07:00:00,How the Shipping Crisis in the Red Sea is Impacting Trade - Procurement Magazine,"<a href=""https://news.google.com/rss/articles/CBMigAFBVV95cUxNODlpRlZWbURxVFNYdmV2bnd3Tk1WMXNGVGdYaFdTZG5jNUVkU1EyOUQzeHhPamFtSHAwZDNSeVludVZjazBOaWstVHA2bXpUT1loTGFXQ0J2MTI3SXVTWVIwVW9BeDFpbmNrc04zWGM0U1Z4V2NsM21zdnhDcEtuVA?oc=5"" target=""_blank"">How the Shipping Crisis in the Red Sea is Impacting Trade</a>&nbsp;&nbsp;<font color=""#6f6f6f"">Procurement Magazine</font>",https://news.google.com/rss/articles/CBMigAFBVV95cUxNODlpRlZWbURxVFNYdmV2bnd3Tk1WMXNGVGdYaFdTZG5jNUVkU1EyOUQzeHhPamFtSHAwZDNSeVludVZjazBOaWstVHA2bXpUT1loTGFXQ0J2MTI3SXVTWVIwVW9BeDFpbmNrc04zWGM0U1Z4V2NsM21zdnhDcEtuVA?oc=5,Procurement Magazine
2025-07-23 17:56:23,The Myth of All-American Drugs and What Trump’s Tariffs Miss About Pharma Supply Chains - MedCity News,"<a href=""https://news.google.com/rss/articles/CBMiwAFBVV95cUxNOTJ0RzJPYWg1X0NxcnFCZE1tREhpNHk3QzJaV0RjS212LVllaFloYmV3cVEtT0p6V0FzWjRha0toSFA5NzU0WjZ6cFA5V19TdENWWWg4OEhmc2tsNzM5WExTdWQ2d1pqNFZPWk94ZFhzOGxVWTFUdk9NUmFiY09LMlM2TVN4WWctQkpDUGNqMWM5TDRuaGhQNzUwV21lbFhJV1k0M2Q2cXZyQTlvdEt1S0VrX3Uta0hwU050R1p6VFA?oc=5"" target=""_blank"">The Myth of All-American Drugs and What Trump’s Tariffs Miss About Pharma Supply Chains</a>&nbsp;&nbsp;<font color=""#6f6f6f"">MedCity News</font>",https://news.google.com/rss/articles/CBMiwAFBVV95cUxNOTJ0RzJPYWg1X0NxcnFCZE1tREhpNHk3QzJaV0RjS212LVllaFloYmV3cVEtT0p6V0FzWjRha0toSFA5NzU0WjZ6cFA5V19TdENWWWg4OEhmc2tsNzM5WExTdWQ2d1pqNFZPWk94ZFhzOGxVWTFUdk9NUmFiY09LMlM2TVN4WWctQkpDUGNqMWM5TDRuaGhQNzUwV21lbFhJV1k0M2Q2cXZyQTlvdEt1S0VrX3Uta0hwU050R1p6VFA?oc=5,MedCity News
2024-08-21 07:00:00,Disruption and data are shaping modern supply chain ecosystems - Capgemini,"<a href=""https://news.google.com/rss/articles/CBMiugFBVV95cUxPY1ZZczBwMGtFQ2Y4ZlJ0eFR1ajcteFJPeUQxYkZXeFZqZDRfQWU0cktwejBZM0dLTjczVzZ5V3AyTkota1BGRVBuN3lRcUg1MUlJeGltZ2JrcTVvSWZVS1IyZ1F5NTl2cEM0RUZseEl3ejdwaE9VdFFiOVFuTUMxTFYtOE5Pc0huSUNqTGFiVG5nUk9xWWlfQmZncDZzQnNlaHVkM2VyQ3o5ejdvaFE2LVNIUEFiUXBlZ2c?oc=5"" target=""_blank"">Disruption and data are shaping modern supply chain ecosystems</a>&nbsp;&nbsp;<font color=""#6f6f6f"">Capgemini</font>",https://news.google.com/rss/articles/CBMiugFBVV95cUxPY1ZZczBwMGtFQ2Y4ZlJ0eFR1ajcteFJPeUQxYkZXeFZqZDRfQWU0cktwejBZM0dLTjczVzZ5V3AyTkota1BGRVBuN3lRcUg1MUlJeGltZ2JrcTVvSWZVS1IyZ1F5NTl2cEM0RUZseEl3ejdwaE9VdFFiOVFuTUMxTFYtOE5Pc0huSUNqTGFiVG5nUk9xWWlfQmZncDZzQnNlaHVkM2VyQ3o5ejdvaFE2LVNIUEFiUXBlZ2c?oc=5,Capgemini
2025-01-27 08:00:00,Procter & Gamble operations unhindered by Blue Yonder disruption - Supply Chain Dive,"<a href=""https://news.google.com/rss/articles/CBMimAFBVV95cUxOU0doMWNTX1FYTVRNMUx1c0dja3VURWRZdlJwcGcyVzd5dmNWLUo1Vk5WX241THBfdkVwN05La1BzSjhHOTdsTXdqZk1ndWFjZ3hwV0ljQS1vTHV5MURNWmdMVHlacFhXZHBCUWs3S3dYVWtLcHZaWjBmSWFoZEllcE5lZFBHUFZyY25memFyNGtTeThVdnVvMQ?oc=5"" target=""_blank"">Procter & Gamble operations unhindered by Blue Yonder disruption</a>&nbsp;&nbsp;<font color=""#6f6f6f"">Supply Chain Dive</font>",https://news.google.com/rss/articles/CBMimAFBVV95cUxOU0doMWNTX1FYTVRNMUx1c0dja3VURWRZdlJwcGcyVzd5dmNWLUo1Vk5WX241THBfdkVwN05La1BzSjhHOTdsTXdqZk1ndWFjZ3hwV0ljQS1vTHV5MURNWmdMVHlacFhXZHBCUWs3S3dYVWtLcHZaWjBmSWFoZEllcE5lZFBHUFZyY25memFyNGtTeThVdnVvMQ?oc=5,Supply Chain Dive
2025-03-03 08:00:00,How businesses and consumers can protect themselves against digital supply chain disruptions - The Conversation,"<a href=""https://news.google.com/rss/articles/CBMixgFBVV95cUxPSHpFRlI4czZlbTl1VUc3dzl6WmgwdXkyM2FXelBRWERza1Z6ZFB2c2lScnVMX3o0cGp3WnR5VkNKNXBjeklqRHIyQ0Vid2RGRGRWS3JzbWphQmFrY0oxWkpJMkNOc1VpODlBNk1UVWc0cWgtUFpHeDVXOEtRMHg0NV95QUszQjlUV3RFTjZKNld6ajVkOFhsc2lmZnJrR1JpVFFRNi02SlB3VHk4OFlSS01pR1NaSHVMcVQ1M0N0Vlc4aEpteHc?oc=5"" target=""_blank"">How businesses and consumers can protect themselves against digital supply chain disruptions</a>&nbsp;&nbsp;<font color=""#6f6f6f"">The Conversation</font>",https://news.google.com/rss/articles/CBMixgFBVV95cUxPSHpFRlI4czZlbTl1VUc3dzl6WmgwdXkyM2FXelBRWERza1Z6ZFB2c2lScnVMX3o0cGp3WnR5VkNKNXBjeklqRHIyQ0Vid2RGRGRWS3JzbWphQmFrY0oxWkpJMkNOc1VpODlBNk1UVWc0cWgtUFpHeDVXOEtRMHg0NV95QUszQjlUV3RFTjZKNld6ajVkOFhsc2lmZnJrR1JpVFFRNi02SlB3VHk4OFlSS01pR1NaSHVMcVQ1M0N0Vlc4aEpteHc?oc=5,The Conversation
2025-01-30 08:57:36,Top 5 supply chain risks in 2025 - Delivered - Global - DHL,"<a href=""https://news.google.com/rss/articles/CBMilAFBVV95cUxNNzVsczBOLUZENEpDYzVyY0ZzTEhiTW5GQmgxVzhBZlBUVlZ1ZGRhaVFyVXNQRWJyekJvQmNSWUtGZGVzQ3FSQng0ZU84Y3ZfelJxZk80cDc2dUdrVXZvTkZ6aE5jeFpGMmZhNWo4eHpXTHUxbUIwVVR6S2QzVm1aazFMUmVqcjVobmpuY0I5U3ZoaU5S?oc=5"" target=""_blank"">Top 5 supply chain risks in 2025 - Delivered - Global</a>&nbsp;&nbsp;<font color=""#6f6f6f"">DHL</font>",https://news.google.com/rss/articles/CBMilAFBVV95cUxNNzVsczBOLUZENEpDYzVyY0ZzTEhiTW5GQmgxVzhBZlBUVlZ1ZGRhaVFyVXNQRWJyekJvQmNSWUtGZGVzQ3FSQng0ZU84Y3ZfelJxZk80cDc2dUdrVXZvTkZ6aE5jeFpGMmZhNWo4eHpXTHUxbUIwVVR6S2QzVm1aazFMUmVqcjVobmpuY0I5U3ZoaU5S?oc=5,DHL
2025-07-24 23:50:20,Tariff-Driven Disruption in Consumer Goods and Auto Sectors: Strategic Supply Chain Reconfiguration and Cost-Pass-Through Dynamics - AInvest,"<a href=""https://news.google.com/rss/articles/CBMi3gFBVV95cUxNVThnWWhlLUdvRVRidUFfSmE4azktRWU1aU1NbUt5T0xZVk1yRU1kX3B3Ym03bnNkTjF5SDgzVjZmdjVsTmdnUzVSUE1rY1V4dmpMQXdJQ2Z3ekNjWDV1RXVOejl0UG5ITjBXYTNuOXptU2FCcUFaN2pqa1p6dU1wcnZrb3B2a2NRN2lWdVN5Z0JfOXZ0M0Zld3NwTFV6cjFmSmdFSXk1dlY5X1YzS2M5TFR0b2E3YVR0UFBqSExxNkhxVFI2c3hBQmdKbkR3T0Z2aWU4Y0JrdlBtZ1o2SEE?oc=5"" target=""_blank"">Tariff-Driven Disruption in Consumer Goods and Auto Sectors: Strategic Supply Chain Reconfiguration and Cost-Pass-Through Dynamics</a>&nbsp;&nbsp;<font color=""#6f6f6f"">AInvest</font>",https://news.google.com/rss/articles/CBMi3gFBVV95cUxNVThnWWhlLUdvRVRidUFfSmE4azktRWU1aU1NbUt5T0xZVk1yRU1kX3B3Ym03bnNkTjF5SDgzVjZmdjVsTmdnUzVSUE1rY1V4dmpMQXdJQ2Z3ekNjWDV1RXVOejl0UG5ITjBXYTNuOXptU2FCcUFaN2pqa1p6dU1wcnZrb3B2a2NRN2lWdVN5Z0JfOXZ0M0Zld3NwTFV6cjFmSmdFSXk1dlY5X1YzS2M5TFR0b2E3YVR0UFBqSExxNkhxVFI2c3hBQmdKbkR3T0Z2aWU4Y0JrdlBtZ1o2SEE?oc=5,AInvest
2025-03-17 07:00:00,Businesses Dealing with Escalating Supply Chain Disruptions - Procurement Magazine,"<a href=""https://news.google.com/rss/articles/CBMiqAFBVV95cUxNOU9FazFETF9pTmNXbEFCcDV5R3RNRDFzRUE4NXlXNDBtNUtqMFFhbEhkUm1qMDFlOFJ3ZlNBTC01MzVFQnNYVjJBUWxVQnBCLWlhZkpTeC1UREVJY2loX1YzcTljbjFkYVV5eHdobkRLYllXZUdCUUJXR1IwcWE3anNMUHk4US1zM1pxVXR5NXRKZXNEWnZHTEljVWVsRlhUZ3lIMkw5MDM?oc=5"" target=""_blank"">Businesses Dealing with Escalating Supply Chain Disruptions</a>&nbsp;&nbsp;<font color=""#6f6f6f"">Procurement Magazine</font>",https://news.google.com/rss/articles/CBMiqAFBVV95cUxNOU9FazFETF9pTmNXbEFCcDV5R3RNRDFzRUE4NXlXNDBtNUtqMFFhbEhkUm1qMDFlOFJ3ZlNBTC01MzVFQnNYVjJBUWxVQnBCLWlhZkpTeC1UREVJY2loX1YzcTljbjFkYVV5eHdobkRLYllXZUdCUUJXR1IwcWE3anNMUHk4US1zM1pxVXR5NXRKZXNEWnZHTEljVWVsRlhUZ3lIMkw5MDM?oc=5,Procurement Magazine
2024-11-18 12:20:02,Develop Supply Chain Agility to Thrive Amid Disruption - Gartner,"<a href=""https://news.google.com/rss/articles/CBMidkFVX3lxTE90MUxIbTZLNnppVUpfU0J1VmpRQVBsVGJkcVpJay1VOW95aU5yNkJJU0J1a3BGTkRWQXBMQVlSZTVFTG9pV0d6M3Q0ZnVlZTItcEtrRGN2NzZPYWtReGtVVTdEdkdfOHZMcmNReXFxQ2FYQV9PQXc?oc=5"" target=""_blank"">Develop Supply Chain Agility to Thrive Amid Disruption</a>&nbsp;&nbsp;<font color=""#6f6f6f"">Gartner</font>",https://news.google.com/rss/articles/CBMidkFVX3lxTE90MUxIbTZLNnppVUpfU0J1VmpRQVBsVGJkcVpJay1VOW95aU5yNkJJU0J1a3BGTkRWQXBMQVlSZTVFTG9pV0d6M3Q0ZnVlZTItcEtrRGN2NzZPYWtReGtVVTdEdkdfOHZMcmNReXFxQ2FYQV9PQXc?oc=5,Gartner
2024-12-07 08:00:00,"Another Day, Another Disruption: How AI Can Help - Supply & Demand Chain Executive","<a href=""https://news.google.com/rss/articles/CBMiwgFBVV95cUxPVE0wNmQ1cFR6VWhkdEhGT3ZZcUFwVzZ3OGdHdlZka3B5SDFHeXNUbkxoV1FtZ0k3aW53RFF1b3Jtb3FDbWM5RXdTX0N3VEtLOTZtcTVtZ0QwaFU4SzBzSnVOSWVxcXdZUXI0dGl4WTcwalhPZ0VXNjRrdksxNDYwWnppd29lVi1SNDhMbTRnZkJMSXQ1LUc2U1I2d08tZ1dYbEx2ZG92VTRCVjlkaFNfMm03YUVoTUF3WkxVU3BOaE16Zw?oc=5"" target=""_blank"">Another Day, Another Disruption: How AI Can Help</a>&nbsp;&nbsp;<font color=""#6f6f6f"">Supply & Demand Chain Executive</font>",https://news.google.com/rss/articles/CBMiwgFBVV95cUxPVE0wNmQ1cFR6VWhkdEhGT3ZZcUFwVzZ3OGdHdlZka3B5SDFHeXNUbkxoV1FtZ0k3aW53RFF1b3Jtb3FDbWM5RXdTX0N3VEtLOTZtcTVtZ0QwaFU4SzBzSnVOSWVxcXdZUXI0dGl4WTcwalhPZ0VXNjRrdksxNDYwWnppd29lVi1SNDhMbTRnZkJMSXQ1LUc2U1I2d08tZ1dYbEx2ZG92VTRCVjlkaFNfMm03YUVoTUF3WkxVU3BOaE16Zw?oc=5,Supply & Demand Chain Executive
2024-10-30 00:23:54,Role of supply chain disruptions and digitalization on renewable energy innovation: Evidence from G7 nations - ScienceDirect.com,"<a href=""https://news.google.com/rss/articles/CBMie0FVX3lxTFBzbjdGLXl3d1BiekNRQ3RKbkVFSWpkMm9CNGZFRVN5aWpIelZqeGhqWWNLWXhzTFJaZjg2M3hNTHloT0ZXNEZhYl9NYTZOWXliQloxMzV6YXpKT3JnM09NZFlqT2pxVEY2ZWFhQmNvWXhoemtDeWdKT19lWQ?oc=5"" target=""_blank"">Role of supply chain disruptions and digitalization on renewable energy innovation: Evidence from G7 nations</a>&nbsp;&nbsp;<font color=""#6f6f6f"">ScienceDirect.com</font>",https://news.google.com/rss/articles/CBMie0FVX3lxTFBzbjdGLXl3d1BiekNRQ3RKbkVFSWpkMm9CNGZFRVN5aWpIelZqeGhqWWNLWXhzTFJaZjg2M3hNTHloT0ZXNEZhYl9NYTZOWXliQloxMzV6YXpKT3JnM09NZFlqT2pxVEY2ZWFhQmNvWXhoemtDeWdKT19lWQ?oc=5,ScienceDirect.com
2024-09-23 07:00:00,India attends first in-person IPEF Supply Chain Council and Crisis Response Network meeting at Washington DC - PIB,"<a href=""https://news.google.com/rss/articles/CBMiaEFVX3lxTFB4LUdtQy05NGQ2MVdEeUpjckpYRmQ3Rjl3UXhnVnVZaXc2aFlfeDhLM1lUMlQ1SnlLeDRIYko5VDJmTDBXSTJyb0V3M2RHLWVZNGFBVmZ6QW1CaUtLd3o0NC1hOVJiZHlT?oc=5"" target=""_blank"">India attends first in-person IPEF Supply Chain Council and Crisis Response Network meeting at Washington DC</a>&nbsp;&nbsp;<font color=""#6f6f6f"">PIB</font>",https://news.google.com/rss/articles/CBMiaEFVX3lxTFB4LUdtQy05NGQ2MVdEeUpjckpYRmQ3Rjl3UXhnVnVZaXc2aFlfeDhLM1lUMlQ1SnlLeDRIYko5VDJmTDBXSTJyb0V3M2RHLWVZNGFBVmZ6QW1CaUtLd3o0NC1hOVJiZHlT?oc=5,PIB
2024-11-18 08:00:00,Why Global Orange Shortage is Forcing Industry to Innovate - Supply Chain Digital Magazine,"<a href=""https://news.google.com/rss/articles/CBMioAFBVV95cUxNS1pFVkpxaW9TeVlCN2plcy03YnBZWTctcks2OFF6R0poZUZ4TnhqM1J3TWdKS2llM1BZa1pfUm5MLXBYS25BNUxKZFdNWFFlc0tDRWJhVjJ4VUNxRElnd1JOX1J6eWpaT2N1WU5SLWxYbHJ3YUZaWDFGX2NpNUhON2pQa2xMSlQ1R18xWVBtV1IxeWV2ck0yTDVKT2pLZlBI?oc=5"" target=""_blank"">Why Global Orange Shortage is Forcing Industry to Innovate</a>&nbsp;&nbsp;<font color=""#6f6f6f"">Supply Chain Digital Magazine</font>",https://news.google.com/rss/articles/CBMioAFBVV95cUxNS1pFVkpxaW9TeVlCN2plcy03YnBZWTctcks2OFF6R0poZUZ4TnhqM1J3TWdKS2llM1BZa1pfUm5MLXBYS25BNUxKZFdNWFFlc0tDRWJhVjJ4VUNxRElnd1JOX1J6eWpaT2N1WU5SLWxYbHJ3YUZaWDFGX2NpNUhON2pQa2xMSlQ1R18xWVBtV1IxeWV2ck0yTDVKT2pLZlBI?oc=5,Supply Chain Digital Magazine
2024-09-12 07:00:00,UK Businesses Coping With Rise In Supply Chain Disruptions - Procurement Magazine,"<a href=""https://news.google.com/rss/articles/CBMirwFBVV95cUxQTmNjeWNDZEJqbkx2bXk3bnRDempYM0J2Y3ZEVHBOZm5GZEdTM1JQZkpEcW1DMTk0X3lzWXcxS3lxakhDVzVUUjlVR3NQVnd3a2FOVjFnUzh3UjlGa0hhSkcybjB4d2ZhcnJHYXUtUDdocVVoSDcxYW1NcjVLMTk5Y2tHX19FN3NxQjl2Y3RPVmlzZVZqYUFTT1l1VkZHMDRZaUNvZDVUV0w5WHItSndr?oc=5"" target=""_blank"">UK Businesses Coping With Rise In Supply Chain Disruptions</a>&nbsp;&nbsp;<font color=""#6f6f6f"">Procurement Magazine</font>",https://news.google.com/rss/articles/CBMirwFBVV95cUxQTmNjeWNDZEJqbkx2bXk3bnRDempYM0J2Y3ZEVHBOZm5GZEdTM1JQZkpEcW1DMTk0X3lzWXcxS3lxakhDVzVUUjlVR3NQVnd3a2FOVjFnUzh3UjlGa0hhSkcybjB4d2ZhcnJHYXUtUDdocVVoSDcxYW1NcjVLMTk5Y2tHX19FN3NxQjl2Y3RPVmlzZVZqYUFTT1l1VkZHMDRZaUNvZDVUV0w5WHItSndr?oc=5,Procurement Magazine
2025-01-30 08:00:00,Morrisons struggles with supply chain disruption following Blue Yonder cyberattack - Tech Monitor,"<a href=""https://news.google.com/rss/articles/CBMiuwFBVV95cUxObHU4UXFSZGduRlZxN3g5QTFTUVFhd2JLZWk1NGFzRkVncGUydVRacDMtRUhDLUFGMGFXVTYwcGdIOHVVUFg3OWFNbVlhVGF4Y0duQW5ORmRJWUFscVE5TXVYclZtbkR2QWdUOWJZTUt3RG9CNHlKdEpSdzhBallyR1RjaUtYb1hCZ0ROaG9sSHJId0ViVEdWZDgzdmNHaHgtNWNteU41a25xS3U5RG9iX1dfczUycThOS2Yw?oc=5"" target=""_blank"">Morrisons struggles with supply chain disruption following Blue Yonder cyberattack</a>&nbsp;&nbsp;<font color=""#6f6f6f"">Tech Monitor</font>",https://news.google.com/rss/articles/CBMiuwFBVV95cUxObHU4UXFSZGduRlZxN3g5QTFTUVFhd2JLZWk1NGFzRkVncGUydVRacDMtRUhDLUFGMGFXVTYwcGdIOHVVUFg3OWFNbVlhVGF4Y0duQW5ORmRJWUFscVE5TXVYclZtbkR2QWdUOWJZTUt3RG9CNHlKdEpSdzhBallyR1RjaUtYb1hCZ0ROaG9sSHJId0ViVEdWZDgzdmNHaHgtNWNteU41a25xS3U5RG9iX1dfczUycThOS2Yw?oc=5,Tech Monitor
2024-11-26 08:00:00,"The intuitive, AI-powered supply chain - IBM","<a href=""https://news.google.com/rss/articles/CBMilwFBVV95cUxOMFhZOGliNWpmdjdPY2Q3M2d6VF9xckFnY2RLQnFUZDFhSjFKTmhrV1VtaWpJbS1aTmoyS1hhMjJIdVBWYkp5TnFuWFMtRzJ4Q2g2RHp0TTN3dEZ1bjlFRlA2TjFRczhveXBCckNTdno1ekNVaEM1RUdyU0JoeHJyMmZEX0d1LVhhZHY4WExkeXp3dG5pM0dr?oc=5"" target=""_blank"">The intuitive, AI-powered supply chain</a>&nbsp;&nbsp;<font color=""#6f6f6f"">IBM</font>",https://news.google.com/rss/articles/CBMilwFBVV95cUxOMFhZOGliNWpmdjdPY2Q3M2d6VF9xckFnY2RLQnFUZDFhSjFKTmhrV1VtaWpJbS1aTmoyS1hhMjJIdVBWYkp5TnFuWFMtRzJ4Q2g2RHp0TTN3dEZ1bjlFRlA2TjFRczhveXBCckNTdno1ekNVaEM1RUdyU0JoeHJyMmZEX0d1LVhhZHY4WExkeXp3dG5pM0dr?oc=5,IBM
2025-04-07 07:00:00,"Tariffs and inflation for the US, disruption for Indian supply chains - Down To Earth","<a href=""https://news.google.com/rss/articles/CBMiqwFBVV95cUxPcXp4cjVjV0VKdlk5b1ZlaHJEY1k2QXJZRlVQYmx1VnZ4ZUZSeW9Eajc1YnBjMy1UUlFYb1RaaUMzVkxkTGxMX0RYWUpJN0tIMk01NFU0cktjZkdhWU9WY2pQQUh4MDdxeG9lSmJzM2p6TmlHbVJOSmhjTEFVSEduQVRTMGhZVUdfX2Jqem85QS1hY1g5SkNBc2thVjdCTmZlME5FSkRfODN4OGPSAbgBQVVfeXFMTVZaX21qRkJSbmVHYnRpanpuQjhjZVRhTVBlcHZBWWhNRjZ5QTBJSmpUM2U5OWdsWkVHNXNJal9YbG5LdGRwc05TQVZMUEpTSmh5N2VJMkQzRU1ETU5ObjZpMXdDbU5lTXpNTS1wWTEya2ZQQ3F5d1dsT0VkSkNQNnVUVkJYLWRldGpDRndLWDhaTGh5T3N0dFU0QkxGbHlIY0ozU0ctWkRFTHowRHgxZWVIWi1iZDNHSA?oc=5"" target=""_blank"">Tariffs and inflation for the US, disruption for Indian supply chains</a>&nbsp;&nbsp;<font color=""#6f6f6f"">Down To Earth</font>",https://news.google.com/rss/articles/CBMiqwFBVV95cUxPcXp4cjVjV0VKdlk5b1ZlaHJEY1k2QXJZRlVQYmx1VnZ4ZUZSeW9Eajc1YnBjMy1UUlFYb1RaaUMzVkxkTGxMX0RYWUpJN0tIMk01NFU0cktjZkdhWU9WY2pQQUh4MDdxeG9lSmJzM2p6TmlHbVJOSmhjTEFVSEduQVRTMGhZVUdfX2Jqem85QS1hY1g5SkNBc2thVjdCTmZlME5FSkRfODN4OGPSAbgBQVVfeXFMTVZaX21qRkJSbmVHYnRpanpuQjhjZVRhTVBlcHZBWWhNRjZ5QTBJSmpUM2U5OWdsWkVHNXNJal9YbG5LdGRwc05TQVZMUEpTSmh5N2VJMkQzRU1ETU5ObjZpMXdDbU5lTXpNTS1wWTEya2ZQQ3F5d1dsT0VkSkNQNnVUVkJYLWRldGpDRndLWDhaTGh5T3N0dFU0QkxGbHlIY0ozU0ctWkRFTHowRHgxZWVIWi1iZDNHSA?oc=5,Down To Earth
2024-11-15 08:00:00,Climate Challenges: Enhancing supply chain resilience to weather events - The Business Continuity Institute (BCI),"<a href=""https://news.google.com/rss/articles/CBMipgFBVV95cUxONl96Y2x3SHpNeXhuWTJMcDRpS1o3OGRMQzFneWZidHBIUzhCZ25QQkp4SzFtUURqNEF1RmNaS1B5N3VYZTFUOUVhbGZTTlRfZjdRaVRfelN2VXN2d050VS1zb0dSRjNxNVBWdWF4S2V6NnlHYnZtM1A5ZWhYdmNuTFF4Nlh3d3J3cThGSUJvNUIyMXBFNG13RWx4S1hTNmM1YWlwbUdB?oc=5"" target=""_blank"">Climate Challenges: Enhancing supply chain resilience to weather events</a>&nbsp;&nbsp;<font color=""#6f6f6f"">The Business Continuity Institute (BCI)</font>",https://news.google.com/rss/articles/CBMipgFBVV95cUxONl96Y2x3SHpNeXhuWTJMcDRpS1o3OGRMQzFneWZidHBIUzhCZ25QQkp4SzFtUURqNEF1RmNaS1B5N3VYZTFUOUVhbGZTTlRfZjdRaVRfelN2VXN2d050VS1zb0dSRjNxNVBWdWF4S2V6NnlHYnZtM1A5ZWhYdmNuTFF4Nlh3d3J3cThGSUJvNUIyMXBFNG13RWx4S1hTNmM1YWlwbUdB?oc=5,The Business Continuity Institute (BCI)
2025-03-11 07:00:00,AI Predictions On 2025 Supply Shortages And Industry Impact - Forbes,"<a href=""https://news.google.com/rss/articles/CBMisAFBVV95cUxNOENpSEI0MGNucEVheXBnQkZqREo4V1k1Y1QyckRpRUtETFNqMy0tQUJnTmd5TzRQamFGMW40R3AwNE9XckJ3bThwWjVwUnlwSG80dUt3Y2g3TWR0dXRheE5ERmczQnNTd1hpVjBEYlRjWi1aU09OTFRUX0VucTl2YVgxVWpJZkxkaWdrTURUbV9wMEhkWkE1SHVYX25paEJ5V2wyODdyT1RSeWQ4dkpybg?oc=5"" target=""_blank"">AI Predictions On 2025 Supply Shortages And Industry Impact</a>&nbsp;&nbsp;<font color=""#6f6f6f"">Forbes</font>",https://news.google.com/rss/articles/CBMisAFBVV95cUxNOENpSEI0MGNucEVheXBnQkZqREo4V1k1Y1QyckRpRUtETFNqMy0tQUJnTmd5TzRQamFGMW40R3AwNE9XckJ3bThwWjVwUnlwSG80dUt3Y2g3TWR0dXRheE5ERmczQnNTd1hpVjBEYlRjWi1aU09OTFRUX0VucTl2YVgxVWpJZkxkaWdrTURUbV9wMEhkWkE1SHVYX25paEJ5V2wyODdyT1RSeWQ4dkpybg?oc=5,Forbes
2025-05-16 07:00:00,Boomi and Cognizant tackle supply chain chaos with AI-powered coordination - SiliconANGLE,"<a href=""https://news.google.com/rss/articles/CBMijwFBVV95cUxNS3FQSk1CN0pndkZ0TGhjUUdQRE1RUW11UF9BSXpTa2RhRVlRako5TXJsOHNpWFg1WnQtZndzSFpWb1lYTjc5SnBFMGhDb0JWeHBvUXdVSE5RNzYyU2dob1d3d1VYM0czYUE3b0RFVDNNM21nMHExV2otYTRBR1BnTUVKMVF4MWdqajk1VjdDVQ?oc=5"" target=""_blank"">Boomi and Cognizant tackle supply chain chaos with AI-powered coordination</a>&nbsp;&nbsp;<font color=""#6f6f6f"">SiliconANGLE</font>",https://news.google.com/rss/articles/CBMijwFBVV95cUxNS3FQSk1CN0pndkZ0TGhjUUdQRE1RUW11UF9BSXpTa2RhRVlRako5TXJsOHNpWFg1WnQtZndzSFpWb1lYTjc5SnBFMGhDb0JWeHBvUXdVSE5RNzYyU2dob1d3d1VYM0czYUE3b0RFVDNNM21nMHExV2otYTRBR1BnTUVKMVF4MWdqajk1VjdDVQ?oc=5,SiliconANGLE
2025-04-08 07:00:00,Scaling supply chain resilience: Agentic AI for autonomous operations - IBM,"<a href=""https://news.google.com/rss/articles/CBMirwFBVV95cUxPck5NNlNiRDJlSmFlNWFSQzR0U2Nfc0JwdFJYZ1ZMT3FsQXFSYkpuR3RYMk1STzlEYW5RLWJyRHNXa1V1NzZ5RGtKMXByeTBsSDlqaEJfOEhWQWtxYjdlSkptMWlIbGluVW9MZ3dvRW82Q1Q2Ym1za05BbTlHQUFDUmhXTnZqMkVsUzY2QUZWZVQ1WnplaktlNFJkejVpU3ZiaE9rNllDTXplRi10ZkJN?oc=5"" target=""_blank"">Scaling supply chain resilience: Agentic AI for autonomous operations</a>&nbsp;&nbsp;<font color=""#6f6f6f"">IBM</font>",https://news.google.com/rss/articles/CBMirwFBVV95cUxPck5NNlNiRDJlSmFlNWFSQzR0U2Nfc0JwdFJYZ1ZMT3FsQXFSYkpuR3RYMk1STzlEYW5RLWJyRHNXa1V1NzZ5RGtKMXByeTBsSDlqaEJfOEhWQWtxYjdlSkptMWlIbGluVW9MZ3dvRW82Q1Q2Ym1za05BbTlHQUFDUmhXTnZqMkVsUzY2QUZWZVQ1WnplaktlNFJkejVpU3ZiaE9rNllDTXplRi10ZkJN?oc=5,IBM
2024-12-15 08:00:00,Dynamic delay-based game approach in car and petrol supply chains under government intervention - ScienceDirect.com,"<a href=""https://news.google.com/rss/articles/CBMie0FVX3lxTE1MNUdJVGx5TW03TDk2U0R3enY0b3hCNEQ0T0sxd09UR3VtLWt5ejlqTlV3Z0F3OFAtZ1QtaUR0LWtlN1ZKbUl1MnExcUo5X2FlcFF4UFUxUlN6QmNzUnVQVWRlN1VkT1lRZDZkTF9vM0hBVkVXbHJMVWJGYw?oc=5"" target=""_blank"">Dynamic delay-based game approach in car and petrol supply chains under government intervention</a>&nbsp;&nbsp;<font color=""#6f6f6f"">ScienceDirect.com</font>",https://news.google.com/rss/articles/CBMie0FVX3lxTE1MNUdJVGx5TW03TDk2U0R3enY0b3hCNEQ0T0sxd09UR3VtLWt5ejlqTlV3Z0F3OFAtZ1QtaUR0LWtlN1ZKbUl1MnExcUo5X2FlcFF4UFUxUlN6QmNzUnVQVWRlN1VkT1lRZDZkTF9vM0hBVkVXbHJMVWJGYw?oc=5,ScienceDirect.com
2025-06-13 07:00:00,Watch: Supply Chain Planning in Times of Disruption - Supply Chain Brain,"<a href=""https://news.google.com/rss/articles/CBMinwFBVV95cUxPRjhWUWdRWGl2b3NHVkl5c1FDUlZtdmtudTJqNUZJeVVPZy1SenJySTdCeU1lcVBVaHYzTFRvRW5PWEpCTWYxUjZEYmh6QjQyVm5XLVVGb3lDYUV4Tk1xbHloN2V0ZWdHbEUzMnlLRWlmUGtyMjc2Y0ZaQlhNclBUQVpSZ1d3S0NiNjdMZzNXd2lodV9icWFPRi0yOXdWVWs?oc=5"" target=""_blank"">Watch: Supply Chain Planning in Times of Disruption</a>&nbsp;&nbsp;<font color=""#6f6f6f"">Supply Chain Brain</font>",https://news.google.com/rss/articles/CBMinwFBVV95cUxPRjhWUWdRWGl2b3NHVkl5c1FDUlZtdmtudTJqNUZJeVVPZy1SenJySTdCeU1lcVBVaHYzTFRvRW5PWEpCTWYxUjZEYmh6QjQyVm5XLVVGb3lDYUV4Tk1xbHloN2V0ZWdHbEUzMnlLRWlmUGtyMjc2Y0ZaQlhNclBUQVpSZ1d3S0NiNjdMZzNXd2lodV9icWFPRi0yOXdWVWs?oc=5,Supply Chain Brain
2025-03-24 07:00:00,Egg prices soar as outdated supply chains crack under pressure - The Conversation,"<a href=""https://news.google.com/rss/articles/CBMingFBVV95cUxQWGhOYWZVWFhxd19maUZqVnVZcl9OaUIxQ3BaMTZET3BZTS1kaFp1d0ZwenFaUXVGMm5WckNuSTVJX3k4c3AyQ0dQUWFNZ1RNSlR0dnJwYlZuZnlGQWVkMG1PZi1GNWRMajBFMTFkcmtDNnFKdExMSjZxRk9xejNuamNBMENicUNuT1A2dGZwUGItcDNUbWU4bHk0eW5Mdw?oc=5"" target=""_blank"">Egg prices soar as outdated supply chains crack under pressure</a>&nbsp;&nbsp;<font color=""#6f6f6f"">The Conversation</font>",https://news.google.com/rss/articles/CBMingFBVV95cUxQWGhOYWZVWFhxd19maUZqVnVZcl9OaUIxQ3BaMTZET3BZTS1kaFp1d0ZwenFaUXVGMm5WckNuSTVJX3k4c3AyQ0dQUWFNZ1RNSlR0dnJwYlZuZnlGQWVkMG1PZi1GNWRMajBFMTFkcmtDNnFKdExMSjZxRk9xejNuamNBMENicUNuT1A2dGZwUGItcDNUbWU4bHk0eW5Mdw?oc=5,The Conversation
2024-10-08 07:00:00,Discover New Paths to supply chain resilience: How are European businesses responding to disruption? - Maersk,"<a href=""https://news.google.com/rss/articles/CBMi5wFBVV95cUxPdTk2YkJPb0FQaUd6LWFPbFhnOW54d051TEwxRzB0N0hUYWpEV1Y5RjdSeXRicVRKSE12LURqcjlsbkU4QlRpdGlraEotejI2Vm5GQWlmTUNjN2VEcHdVZDN2eE5ULXlXUzFOck1XOEluWmgzemcyM0huM1p5cTQtcW5DMEt0dExYVGo5R284Y3VCdnl5dGpxNTFKMGdWMng5YXB0N1ZfX3pkd2xZOG9UR2NjdlR2eVExMDNZNmZyUXd3RW9vNmJ3dTB0VVhlOFM0a093aFhWNXVJZEFWaFpkQ1lsVzhQRkk?oc=5"" target=""_blank"">Discover New Paths to supply chain resilience: How are European businesses responding to disruption?</a>&nbsp;&nbsp;<font color=""#6f6f6f"">Maersk</font>",https://news.google.com/rss/articles/CBMi5wFBVV95cUxPdTk2YkJPb0FQaUd6LWFPbFhnOW54d051TEwxRzB0N0hUYWpEV1Y5RjdSeXRicVRKSE12LURqcjlsbkU4QlRpdGlraEotejI2Vm5GQWlmTUNjN2VEcHdVZDN2eE5ULXlXUzFOck1XOEluWmgzemcyM0huM1p5cTQtcW5DMEt0dExYVGo5R284Y3VCdnl5dGpxNTFKMGdWMng5YXB0N1ZfX3pkd2xZOG9UR2NjdlR2eVExMDNZNmZyUXd3RW9vNmJ3dTB0VVhlOFM0a093aFhWNXVJZEFWaFpkQ1lsVzhQRkk?oc=5,Maersk
2025-03-01 08:00:00,The retail supply chain awaits 2025’s disruption - logisticsmgmt.com,"<a href=""https://news.google.com/rss/articles/CBMijgFBVV95cUxQSWx0a3gyRUQzZUNWT3RDaGVyTGd0ZzFfSWJ2NXFNYUU3aXh3U0pHbXpxMlpMQXdSNG5McEhmUWRkSEEzZ2JTWXJ2YzVxelZvT1RpM19nS1RzcVBCb2hOdkt0RThDNWhGeXl6Z19xSVJzaWw3QWN5c3c0NDB6NVhIcXozdGRzYnFBdXVianN3?oc=5"" target=""_blank"">The retail supply chain awaits 2025’s disruption</a>&nbsp;&nbsp;<font color=""#6f6f6f"">logisticsmgmt.com</font>",https://news.google.com/rss/articles/CBMijgFBVV95cUxQSWx0a3gyRUQzZUNWT3RDaGVyTGd0ZzFfSWJ2NXFNYUU3aXh3U0pHbXpxMlpMQXdSNG5McEhmUWRkSEEzZ2JTWXJ2YzVxelZvT1RpM19nS1RzcVBCb2hOdkt0RThDNWhGeXl6Z19xSVJzaWw3QWN5c3c0NDB6NVhIcXozdGRzYnFBdXVianN3?oc=5,logisticsmgmt.com
2025-01-08 21:16:25,Supply Chain Resilience and the Effects of Economic Shocks - Federal Reserve Bank of Richmond,"<a href=""https://news.google.com/rss/articles/CBMihAFBVV95cUxNeDl3OXZVSk8tXzYtZmM5d1AwQ1V6aTRuZ1V5S3pWZTdpcE5yLTdhNFZSVjNQekk3NC1mcl9xNlh1RGZianRKT3YxbHVqSmFBWkNTelEyRTJFUFNTdi15MzhPc3VEYkgtV045XzdPWDA0RnBUa2l1aXEzd3pZYXJwQWlYd1I?oc=5"" target=""_blank"">Supply Chain Resilience and the Effects of Economic Shocks</a>&nbsp;&nbsp;<font color=""#6f6f6f"">Federal Reserve Bank of Richmond</font>",https://news.google.com/rss/articles/CBMihAFBVV95cUxNeDl3OXZVSk8tXzYtZmM5d1AwQ1V6aTRuZ1V5S3pWZTdpcE5yLTdhNFZSVjNQekk3NC1mcl9xNlh1RGZianRKT3YxbHVqSmFBWkNTelEyRTJFUFNTdi15MzhPc3VEYkgtV045XzdPWDA0RnBUa2l1aXEzd3pZYXJwQWlYd1I?oc=5,Federal Reserve Bank of Richmond
2025-04-15 07:00:00,Winners & Losers: Cleo Research Unveils Key Lessons from Five Years of Supply Chain Disruption - Business Wire,"<a href=""https://news.google.com/rss/articles/CBMi4gFBVV95cUxOcWhUZFRqWlBFWHRkRzQydDNfMWRhUmVwc0dWN1pkSXRUZGdCSklBQ0tOMk1WZWNvcUV4OFZJd2djeXkzVmszTlVXeVo3c184WVB6enZfcFVEeUk0aU1xOVkyY3NuRlAzUkV3N3pLbHQwMzBTLVNpeF9KNmVWV1pVdFI4UzdyT0prVE5vQVRsZTFROGxsdDFlYWZyNjN4emdCOTV6LW5kODdhME05RExrXzJMOXg1UEV6WVI1V19maFVBTTZTNEQ3T0FEc1ZUcWtwMlZGRUppVDR0cjR3U2QtU0RB?oc=5"" target=""_blank"">Winners & Losers: Cleo Research Unveils Key Lessons from Five Years of Supply Chain Disruption</a>&nbsp;&nbsp;<font color=""#6f6f6f"">Business Wire</font>",https://news.google.com/rss/articles/CBMi4gFBVV95cUxOcWhUZFRqWlBFWHRkRzQydDNfMWRhUmVwc0dWN1pkSXRUZGdCSklBQ0tOMk1WZWNvcUV4OFZJd2djeXkzVmszTlVXeVo3c184WVB6enZfcFVEeUk0aU1xOVkyY3NuRlAzUkV3N3pLbHQwMzBTLVNpeF9KNmVWV1pVdFI4UzdyT0prVE5vQVRsZTFROGxsdDFlYWZyNjN4emdCOTV6LW5kODdhME05RExrXzJMOXg1UEV6WVI1V19maFVBTTZTNEQ3T0FEc1ZUcWtwMlZGRUppVDR0cjR3U2QtU0RB?oc=5,Business Wire
2025-01-30 08:00:00,Disruption and the effect on supply chains - Business Reporter,"<a href=""https://news.google.com/rss/articles/CBMilgFBVV95cUxOcTZVV2pUVWxmYTBmSms5SUVMcW55SHdWZWg3anY5T1ZURVVDVV85cnlyRDVzcnBOWEREN1hFM3g2Nm8wUXg1dUNSTXNzWEFuWnNmbEpvdnNPZXNaQVhXbVY2THExWVBiOTlHZW9vOVpYSHFoanA4WTlZdGZmbnBUakp4Q3pVQ3FOcTRSaWpXZXFtc3BRY2c?oc=5"" target=""_blank"">Disruption and the effect on supply chains</a>&nbsp;&nbsp;<font color=""#6f6f6f"">Business Reporter</font>",https://news.google.com/rss/articles/CBMilgFBVV95cUxOcTZVV2pUVWxmYTBmSms5SUVMcW55SHdWZWg3anY5T1ZURVVDVV85cnlyRDVzcnBOWEREN1hFM3g2Nm8wUXg1dUNSTXNzWEFuWnNmbEpvdnNPZXNaQVhXbVY2THExWVBiOTlHZW9vOVpYSHFoanA4WTlZdGZmbnBUakp4Q3pVQ3FOcTRSaWpXZXFtc3BRY2c?oc=5,Business Reporter
2025-07-14 07:00:00,Why Fashion Should Focus on Data Management to Weather Global Disruption - Sourcing Journal,"<a href=""https://news.google.com/rss/articles/CBMikwFBVV95cUxPLUZvdXpWRXJycGxFdzBOQTVCUVhRSjc5S0dZZ0gxbHFNbDFLcnFTSU5PdHN0ZkNyd09md19CVFZCY0xhNWY1UmFtOUFiVzYyYl9DS3ZBSWluZzZnNjN6ek15X0o1N1M5UEFWX3FFdHRhZmRmVEdDd1JYVGRFWnp0UXAyUTBMWkhUVFB0Nm5DOVIyQVE?oc=5"" target=""_blank"">Why Fashion Should Focus on Data Management to Weather Global Disruption</a>&nbsp;&nbsp;<font color=""#6f6f6f"">Sourcing Journal</font>",https://news.google.com/rss/articles/CBMikwFBVV95cUxPLUZvdXpWRXJycGxFdzBOQTVCUVhRSjc5S0dZZ0gxbHFNbDFLcnFTSU5PdHN0ZkNyd09md19CVFZCY0xhNWY1UmFtOUFiVzYyYl9DS3ZBSWluZzZnNjN6ek15X0o1N1M5UEFWX3FFdHRhZmRmVEdDd1JYVGRFWnp0UXAyUTBMWkhUVFB0Nm5DOVIyQVE?oc=5,Sourcing Journal
2024-10-13 07:00:00,"Supply chain shortages, large firms’ market power, and inflation - CEPR","<a href=""https://news.google.com/rss/articles/CBMilwFBVV95cUxNZ0U4blFQLWRfVmttV3FmV0lmZFMxcU9OWU5JNUpMbzJNRER2aWs1akhZUlJqdVkwR1hmTHZ3bEpHTGZTNC1sS1poaHR1TWVQRHNYU2FzS2NpZWkzLXlhb2I1WGRXc0w5TlRfM0pQTHd6VEdZWUxveWlhSE90NDhVT3ZUZUpKbUtpYW1vTDlaQkFlX2NhcG9r?oc=5"" target=""_blank"">Supply chain shortages, large firms’ market power, and inflation</a>&nbsp;&nbsp;<font color=""#6f6f6f"">CEPR</font>",https://news.google.com/rss/articles/CBMilwFBVV95cUxNZ0U4blFQLWRfVmttV3FmV0lmZFMxcU9OWU5JNUpMbzJNRER2aWs1akhZUlJqdVkwR1hmTHZ3bEpHTGZTNC1sS1poaHR1TWVQRHNYU2FzS2NpZWkzLXlhb2I1WGRXc0w5TlRfM0pQTHd6VEdZWUxveWlhSE90NDhVT3ZUZUpKbUtpYW1vTDlaQkFlX2NhcG9r?oc=5,CEPR
2025-03-12 07:00:00,Global trade in 2025: Readying your company’s supply chain in a time of tariff wars - Thomson Reuters,"<a href=""https://news.google.com/rss/articles/CBMijAFBVV95cUxNckVGYVZPeldQZFhoRUxqTTlVX2pGU3hyWHVMbzUyMWFrTkhFWkprUGZlelZLU3ZLUkRSM2NBVEZfdUxjMlFVbFdPeVlYSWJuVTRXMjdVbkZvWXlMUzAzVmtsdVUzLTA1ZjRqRHdVcGdndW1iTi1nNlUzTElkdzFweGpxZ0dZRnBuSi1jWQ?oc=5"" target=""_blank"">Global trade in 2025: Readying your company’s supply chain in a time of tariff wars</a>&nbsp;&nbsp;<font color=""#6f6f6f"">Thomson Reuters</font>",https://news.google.com/rss/articles/CBMijAFBVV95cUxNckVGYVZPeldQZFhoRUxqTTlVX2pGU3hyWHVMbzUyMWFrTkhFWkprUGZlelZLU3ZLUkRSM2NBVEZfdUxjMlFVbFdPeVlYSWJuVTRXMjdVbkZvWXlMUzAzVmtsdVUzLTA1ZjRqRHdVcGdndW1iTi1nNlUzTElkdzFweGpxZ0dZRnBuSi1jWQ?oc=5,Thomson Reuters
2025-07-26 03:47:00,American Airlines’ new Airbus jet grounded by supply chain issue - The Business Times,"<a href=""https://news.google.com/rss/articles/CBMiywFBVV95cUxNdUlXNEpyT1ZUbUVCSy1IUVhoVWZnY2J4QWpqRDhkcTBDUU5yNmwxYXI2aHRWS0tjQlFabWxxSWF4ZGVHdEJncHRqd3EwblFEeUMyZnl1S3RkdGUwSGY1bm9sRWU3SENJdWxhd3g0cEdhU0R5OGphb0wxZS1INkJBeTdKZHZpLXBBMFE1bW04OHJnbDAzT2d3dWY5ZDdTTlVhTnR5RVNydXpfT3pJT0puZHZfSHloLVZtbUVRRlB4M1VxVVg1VHFqTUFvVQ?oc=5"" target=""_blank"">American Airlines’ new Airbus jet grounded by supply chain issue</a>&nbsp;&nbsp;<font color=""#6f6f6f"">The Business Times</font>",https://news.google.com/rss/articles/CBMiywFBVV95cUxNdUlXNEpyT1ZUbUVCSy1IUVhoVWZnY2J4QWpqRDhkcTBDUU5yNmwxYXI2aHRWS0tjQlFabWxxSWF4ZGVHdEJncHRqd3EwblFEeUMyZnl1S3RkdGUwSGY1bm9sRWU3SENJdWxhd3g0cEdhU0R5OGphb0wxZS1INkJBeTdKZHZpLXBBMFE1bW04OHJnbDAzT2d3dWY5ZDdTTlVhTnR5RVNydXpfT3pJT0puZHZfSHloLVZtbUVRRlB4M1VxVVg1VHFqTUFvVQ?oc=5,The Business Times
2024-09-12 07:00:00,6 ways to manage material shortages the smart way and meet supply chain SLAs - Celonis,"<a href=""https://news.google.com/rss/articles/CBMiqgFBVV95cUxOQUdlbmszbXFfQUJ4amNBRFRLZHVrWkFlZzk3Z1hDUlJvanFWZk5TUmpRTUFzVkdfNlh6cFliSDZoRDJ4X2hJMlNjeHhkdXlKVllXcGdJR2lJdjd6WDAwYlI4bFl1MDJfZGRhNjd2V3BDYnRoa2FZSExENTVWdDhlOFBVbkdPN2R3QjBqZUF1dV9DdGlUUnEzQ0xUek1qUF9vRTJ2S19FcFUtZw?oc=5"" target=""_blank"">6 ways to manage material shortages the smart way and meet supply chain SLAs</a>&nbsp;&nbsp;<font color=""#6f6f6f"">Celonis</font>",https://news.google.com/rss/articles/CBMiqgFBVV95cUxOQUdlbmszbXFfQUJ4amNBRFRLZHVrWkFlZzk3Z1hDUlJvanFWZk5TUmpRTUFzVkdfNlh6cFliSDZoRDJ4X2hJMlNjeHhkdXlKVllXcGdJR2lJdjd6WDAwYlI4bFl1MDJfZGRhNjd2V3BDYnRoa2FZSExENTVWdDhlOFBVbkdPN2R3QjBqZUF1dV9DdGlUUnEzQ0xUek1qUF9vRTJ2S19FcFUtZw?oc=5,Celonis
2025-01-19 08:00:00,Germanium and gallium supply chain disruption escalates for U.S. - Laser Focus World,"<a href=""https://news.google.com/rss/articles/CBMiugFBVV95cUxOblRoeUdsc3EwRUp0UjVsNXZnc0lDbDJ0VXdxODVNWU0wdnBuUXhFQ3Zod21LMXBWMWcyNS1CMEFUZHJSU29HRE9ZenBXOW9pcTFtT2dPVEpMdUFGZ3c5MllocUhzSnBWZXhnM2pJeUtwaGZhVHlEdk9zUTl4bG9DMDd1SXZfcTJZdTM3MmZLQXlnczVGUUFlV0ZYT0RHSGNQenM2aU45SEk3QkQ4QVU3WFpqZWxZMzhpY1E?oc=5"" target=""_blank"">Germanium and gallium supply chain disruption escalates for U.S.</a>&nbsp;&nbsp;<font color=""#6f6f6f"">Laser Focus World</font>",https://news.google.com/rss/articles/CBMiugFBVV95cUxOblRoeUdsc3EwRUp0UjVsNXZnc0lDbDJ0VXdxODVNWU0wdnBuUXhFQ3Zod21LMXBWMWcyNS1CMEFUZHJSU29HRE9ZenBXOW9pcTFtT2dPVEpMdUFGZ3c5MllocUhzSnBWZXhnM2pJeUtwaGZhVHlEdk9zUTl4bG9DMDd1SXZfcTJZdTM3MmZLQXlnczVGUUFlV0ZYT0RHSGNQenM2aU45SEk3QkQ4QVU3WFpqZWxZMzhpY1E?oc=5,Laser Focus World
2025-06-26 07:00:00,"Supply chain remains disrupted, but no shortage of food items, fuel in Tripura: Official - ThePrint","<a href=""https://news.google.com/rss/articles/CBMivAFBVV95cUxOUnhDdnlSdEVCMTV2Q2E3UWsyQWFFLUgtRjlXelJxR3drUkJLN1k4UURJYUlIVWxTMHNBdXU1QUw2WFZTZ1BMVTZ6U1RoZHAzT2lXNno3TU5sQnNING1uc05LWkViY0FMX2tkbWFGbkNoOWZNRW1Qbjg3SnE0eWFDYnk4M2F4bE5YU3UweTJWYW1kcTV4eU96UTg4UnBBWUhmbzUyZWpldHFUSnpSTldrenQ0MjR6SFhYQkhoWNIBwgFBVV95cUxNMGRYMkYyb2ZQbnh5OGVoOVQzUWxTbGhsWXo4ZUpUeGdwUWVSMUNnbmhfU3puaGkzT005Y3lGSk5zaDh6Q3hFaUl3dEVBWTNaTFhZcTRRVXRqOU5TVGZYTURabmIxQlUxLXRDMVJhSjNQby0welZ5SzZSYzl3RGhVWml6V2FseG1Od0pYNEJsYmxxZ2xFOTZ4X2NvUS05RUFyRjcxSWlOR25Uel9RTUJXMnR2QmJvQ3pHckt5X1ZUa2w0Zw?oc=5"" target=""_blank"">Supply chain remains disrupted, but no shortage of food items, fuel in Tripura: Official</a>&nbsp;&nbsp;<font color=""#6f6f6f"">ThePrint</font>",https://news.google.com/rss/articles/CBMivAFBVV95cUxOUnhDdnlSdEVCMTV2Q2E3UWsyQWFFLUgtRjlXelJxR3drUkJLN1k4UURJYUlIVWxTMHNBdXU1QUw2WFZTZ1BMVTZ6U1RoZHAzT2lXNno3TU5sQnNING1uc05LWkViY0FMX2tkbWFGbkNoOWZNRW1Qbjg3SnE0eWFDYnk4M2F4bE5YU3UweTJWYW1kcTV4eU96UTg4UnBBWUhmbzUyZWpldHFUSnpSTldrenQ0MjR6SFhYQkhoWNIBwgFBVV95cUxNMGRYMkYyb2ZQbnh5OGVoOVQzUWxTbGhsWXo4ZUpUeGdwUWVSMUNnbmhfU3puaGkzT005Y3lGSk5zaDh6Q3hFaUl3dEVBWTNaTFhZcTRRVXRqOU5TVGZYTURabmIxQlUxLXRDMVJhSjNQby0welZ5SzZSYzl3RGhVWml6V2FseG1Od0pYNEJsYmxxZ2xFOTZ4X2NvUS05RUFyRjcxSWlOR25Uel9RTUJXMnR2QmJvQ3pHckt5X1ZUa2w0Zw?oc=5,ThePrint
2025-01-21 08:00:00,Report: US and China ‘prepared’ for global supply chain disruption following Trump election - PV Tech,"<a href=""https://news.google.com/rss/articles/CBMimwFBVV95cUxQSm9Eazg0dUtfWk43Zm9FS052Z2NwZEV2Znk0ajlxNldiRTRmYkU2WmZnXzJEaUh0M1MzcHNwaHF3R1hST1IwOFdLRDJIUG9tZy1XdXRBcUFndTJ5ZFNuUGF0OXZwc0pieDA3REtveTR3RVBYaUFDQkE0bm1wOExiOEk2N1dyMGhpa2h5QUNtd1FRQm9OWldyejVXcw?oc=5"" target=""_blank"">Report: US and China ‘prepared’ for global supply chain disruption following Trump election</a>&nbsp;&nbsp;<font color=""#6f6f6f"">PV Tech</font>",https://news.google.com/rss/articles/CBMimwFBVV95cUxQSm9Eazg0dUtfWk43Zm9FS052Z2NwZEV2Znk0ajlxNldiRTRmYkU2WmZnXzJEaUh0M1MzcHNwaHF3R1hST1IwOFdLRDJIUG9tZy1XdXRBcUFndTJ5ZFNuUGF0OXZwc0pieDA3REtveTR3RVBYaUFDQkE0bm1wOExiOEk2N1dyMGhpa2h5QUNtd1FRQm9OWldyejVXcw?oc=5,PV Tech
2024-10-04 07:00:00,How U.S. Port Strikes Disrupt Supply Chains - Gartner,"<a href=""https://news.google.com/rss/articles/CBMigwFBVV95cUxNd3hZR0JYUDI2ZXpSM1ktenBaVjVnSm02RE1JdWVLbFBGNmRkQU94X1ExS0JVWEIydlVmS0FfUUlLQkRhR3dHNzM5Yl9GLS0xV0dNbWxaLVJEYUNTd0ZlR1FncnltSFNXc3BzZDNOdy1OUDc4QkhWVl9BSks2VkxBYjllSQ?oc=5"" target=""_blank"">How U.S. Port Strikes Disrupt Supply Chains</a>&nbsp;&nbsp;<font color=""#6f6f6f"">Gartner</font>",https://news.google.com/rss/articles/CBMigwFBVV95cUxNd3hZR0JYUDI2ZXpSM1ktenBaVjVnSm02RE1JdWVLbFBGNmRkQU94X1ExS0JVWEIydlVmS0FfUUlLQkRhR3dHNzM5Yl9GLS0xV0dNbWxaLVJEYUNTd0ZlR1FncnltSFNXc3BzZDNOdy1OUDc4QkhWVl9BSks2VkxBYjllSQ?oc=5,Gartner
2025-07-17 23:28:07,Trump’s US-Vietnam trade agreement risks supply chain disruption - LSE Blogs,"<a href=""https://news.google.com/rss/articles/CBMipwFBVV95cUxOUG9NNUJ6OTNsVkE4VldkOUl1TjVKcFByc0I4SnBXaG45NzViaU9QdlBZYjByWHpXa2FRRTdYdW5uTERuR25NSnJHcE5VbUV3VXhSSFRReWlDRDV3Mkduc2E0bGFLVENMRjE1bUpuUy0xcUtWbEUzdG42eXozck1pU2hiekk2TmpqREdPbVQtM2xKOFBoYjdjV0oydTBsQ0lneTU1YWxfSQ?oc=5"" target=""_blank"">Trump’s US-Vietnam trade agreement risks supply chain disruption</a>&nbsp;&nbsp;<font color=""#6f6f6f"">LSE Blogs</font>",https://news.google.com/rss/articles/CBMipwFBVV95cUxOUG9NNUJ6OTNsVkE4VldkOUl1TjVKcFByc0I4SnBXaG45NzViaU9QdlBZYjByWHpXa2FRRTdYdW5uTERuR25NSnJHcE5VbUV3VXhSSFRReWlDRDV3Mkduc2E0bGFLVENMRjE1bUpuUy0xcUtWbEUzdG42eXozck1pU2hiekk2TmpqREdPbVQtM2xKOFBoYjdjV0oydTBsQ0lneTU1YWxfSQ?oc=5,LSE Blogs
2025-02-28 08:00:00,School Food Authority Survey III on Supply Chain Disruption and Student Participation - USDA Food and Nutrition Service (.gov),"<a href=""https://news.google.com/rss/articles/CBMibkFVX3lxTE5vN3lZcmx3Yi1vREx3bk90S1V4WWtFcmlWSnBWWERDX2lEcUFXeFlHRlNnMElRV1dsUmFoN0pNRDZ4N1VOZk40eG1FRG92V1JRVF9KTHlwd1J3dXhQYlQ5WUk2ZWNkZnNjMnVuTmFn?oc=5"" target=""_blank"">School Food Authority Survey III on Supply Chain Disruption and Student Participation</a>&nbsp;&nbsp;<font color=""#6f6f6f"">USDA Food and Nutrition Service (.gov)</font>",https://news.google.com/rss/articles/CBMibkFVX3lxTE5vN3lZcmx3Yi1vREx3bk90S1V4WWtFcmlWSnBWWERDX2lEcUFXeFlHRlNnMElRV1dsUmFoN0pNRDZ4N1VOZk40eG1FRG92V1JRVF9KTHlwd1J3dXhQYlQ5WUk2ZWNkZnNjMnVuTmFn?oc=5,USDA Food and Nutrition Service (.gov)
2025-04-15 07:00:00,Building Resilient Supply Chains in the Face of Disruption - Supply & Demand Chain Executive,"<a href=""https://news.google.com/rss/articles/CBMizAFBVV95cUxNSnNidFhaamFITlU1NWVTaVBqWnJ2cmswX20yalQtQTNZRVRwMDlUMllBNzdiem42UVc4RGRNYm9pczdtZWE5dEJ0aDg3bVJwaWhiVm1icnAtMnlIR2NsLWlyRmpyOC1VMXd2S3hobVR0RlkzOTBFdUFzQll3MTgzR3FvX0ZpSGxIWU1HcF9ENk5MWEh0NVhud1dGbEhhQl85N3NzNHBHQlRMdXZHUFp0MHNFR1NhY0RUak9jdUs1dXVqWFlFTXhyQ01YYkk?oc=5"" target=""_blank"">Building Resilient Supply Chains in the Face of Disruption</a>&nbsp;&nbsp;<font color=""#6f6f6f"">Supply & Demand Chain Executive</font>",https://news.google.com/rss/articles/CBMizAFBVV95cUxNSnNidFhaamFITlU1NWVTaVBqWnJ2cmswX20yalQtQTNZRVRwMDlUMllBNzdiem42UVc4RGRNYm9pczdtZWE5dEJ0aDg3bVJwaWhiVm1icnAtMnlIR2NsLWlyRmpyOC1VMXd2S3hobVR0RlkzOTBFdUFzQll3MTgzR3FvX0ZpSGxIWU1HcF9ENk5MWEh0NVhud1dGbEhhQl85N3NzNHBHQlRMdXZHUFp0MHNFR1NhY0RUak9jdUs1dXVqWFlFTXhyQ01YYkk?oc=5,Supply & Demand Chain Executive
2025-04-23 07:00:00,Supply Shock: Japan’s Rice Shortage Shakes Tradition - Supply Chain Digital Magazine,"<a href=""https://news.google.com/rss/articles/CBMirwFBVV95cUxOM0ZYYnZqOHRxVUlEQnpTZ28xRlptZlQyVTh1ZnhKdXlZOTA5ZERxUHVpUVh3WHNDUDBUdDZPRzA4WFJOanUxUnVpYzBlNzFaS0FJSVhQV3JEY2VwX3FyZ3JKSDltOVRMWnBnY3Z1MFBuUFJ3dDNuWElRUzg3eWdfanBFX3F0VS1qcmk3bThPS0w3LTQwaGtRZkdPNGQ3dGkwbGJiaGF5dmJZbHF2Z080?oc=5"" target=""_blank"">Supply Shock: Japan’s Rice Shortage Shakes Tradition</a>&nbsp;&nbsp;<font color=""#6f6f6f"">Supply Chain Digital Magazine</font>",https://news.google.com/rss/articles/CBMirwFBVV95cUxOM0ZYYnZqOHRxVUlEQnpTZ28xRlptZlQyVTh1ZnhKdXlZOTA5ZERxUHVpUVh3WHNDUDBUdDZPRzA4WFJOanUxUnVpYzBlNzFaS0FJSVhQV3JEY2VwX3FyZ3JKSDltOVRMWnBnY3Z1MFBuUFJ3dDNuWElRUzg3eWdfanBFX3F0VS1qcmk3bThPS0w3LTQwaGtRZkdPNGQ3dGkwbGJiaGF5dmJZbHF2Z080?oc=5,Supply Chain Digital Magazine
2025-03-21 07:00:00,How the Heathrow Airport Closure has Impacted Supply Chains - Procurement Magazine,"<a href=""https://news.google.com/rss/articles/CBMimwFBVV95cUxQWWVGS2xia1ZsMnlKNHRENGI4aTFuU2EzRlhXem81c0g1NHZURF9UYXBqZnlOcWtxUGRoYmpsTmZBSWhELXV0MnB3Y3lNZmFGVzF3T052aVI0aHhiZmN4VWdXMXcyc3o5NFg0ZUpBMlpMRWhXLVlhNGl1UTZvVWZ0cEVDR1RvY0wxMVFOODFIYlVxU0NGVVJyYmxUQQ?oc=5"" target=""_blank"">How the Heathrow Airport Closure has Impacted Supply Chains</a>&nbsp;&nbsp;<font color=""#6f6f6f"">Procurement Magazine</font>",https://news.google.com/rss/articles/CBMimwFBVV95cUxQWWVGS2xia1ZsMnlKNHRENGI4aTFuU2EzRlhXem81c0g1NHZURF9UYXBqZnlOcWtxUGRoYmpsTmZBSWhELXV0MnB3Y3lNZmFGVzF3T052aVI0aHhiZmN4VWdXMXcyc3o5NFg0ZUpBMlpMRWhXLVlhNGl1UTZvVWZ0cEVDR1RvY0wxMVFOODFIYlVxU0NGVVJyYmxUQQ?oc=5,Procurement Magazine
2025-07-18 03:45:00,"Europe urged to diversify trade markets over US tariff coercion, supply chains disruption - Global Times","<a href=""https://news.google.com/rss/articles/CBMiYkFVX3lxTE15dFczZ2hJamJBNFhlZ3JVOGVkRUxXTXRfSExnYjgyZEJCNFJCX3dBREtCZ29pMHdvRWxpNTFiZmNfbDVNMFBzVFNnN0d2cDRDdWtoZkpGOXprc2ZQZmlsS2Zn?oc=5"" target=""_blank"">Europe urged to diversify trade markets over US tariff coercion, supply chains disruption</a>&nbsp;&nbsp;<font color=""#6f6f6f"">Global Times</font>",https://news.google.com/rss/articles/CBMiYkFVX3lxTE15dFczZ2hJamJBNFhlZ3JVOGVkRUxXTXRfSExnYjgyZEJCNFJCX3dBREtCZ29pMHdvRWxpNTFiZmNfbDVNMFBzVFNnN0d2cDRDdWtoZkpGOXprc2ZQZmlsS2Zn?oc=5,Global Times
2025-07-18 10:45:19,Will supply chain troubles delay the debut of America’s F-47 fighter jet? - South China Morning Post,"<a href=""https://news.google.com/rss/articles/CBMivgFBVV95cUxQOGoyVlVLUmJjRjBnazdrSURoQzhEQy1FMF9kc1N4aVJGcDlfWEZ5MEVvaEgxOHpQNkZsS1VacG5pR0hnVHFadkRzaVd0aktpOXB5dVg3cW03QlN3N1NFdTBnMXhfTU5WNS1PYjNTNWNWTmVXVHlxb3NEWHBRNzJlaDN4dDIzYlozbVdIX3R6cEo1dDk0aG9DaTN5eXZsNWcyRW5WZ01jYUFKbkQ1OEpvNDZrV19uUTVtWjNVSURR0gG-AUFVX3lxTE41eE55SWFRMTRrTV9NZ2hzS3hTY2ZDUHJqTEtCRUd1U19MRWRSQ3pzcmduQXVUUWkxY0FaRGNtQVZnbF9Za2pjM29QX1NIV1lrQ2JXVThWN1BPT1AwUUg0emxFR3pHM09qekI1SlRwR09uUE1WNXpXYjFGTVN2cHBJQllZX2x0d3BtNW54dmg0UGpFeEVXQWlPeFdCX3d4QzJqVjJ0WXgxY3B1OTU3NVB5dmJvNkdmNDViZmVzcFE?oc=5"" target=""_blank"">Will supply chain troubles delay the debut of America’s F-47 fighter jet?</a>&nbsp;&nbsp;<font color=""#6f6f6f"">South China Morning Post</font>",https://news.google.com/rss/articles/CBMivgFBVV95cUxQOGoyVlVLUmJjRjBnazdrSURoQzhEQy1FMF9kc1N4aVJGcDlfWEZ5MEVvaEgxOHpQNkZsS1VacG5pR0hnVHFadkRzaVd0aktpOXB5dVg3cW03QlN3N1NFdTBnMXhfTU5WNS1PYjNTNWNWTmVXVHlxb3NEWHBRNzJlaDN4dDIzYlozbVdIX3R6cEo1dDk0aG9DaTN5eXZsNWcyRW5WZ01jYUFKbkQ1OEpvNDZrV19uUTVtWjNVSURR0gG-AUFVX3lxTE41eE55SWFRMTRrTV9NZ2hzS3hTY2ZDUHJqTEtCRUd1U19MRWRSQ3pzcmduQXVUUWkxY0FaRGNtQVZnbF9Za2pjM29QX1NIV1lrQ2JXVThWN1BPT1AwUUg0emxFR3pHM09qekI1SlRwR09uUE1WNXpXYjFGTVN2cHBJQllZX2x0d3BtNW54dmg0UGpFeEVXQWlPeFdCX3d4QzJqVjJ0WXgxY3B1OTU3NVB5dmJvNkdmNDViZmVzcFE?oc=5,South China Morning Post
2025-01-12 08:00:00,Chicken Shortage in Goa as Supply Chain Disruption Causes Price Surge - heraldgoa.in,"<a href=""https://news.google.com/rss/articles/CBMiqgFBVV95cUxOR0hjbktJWXZYMkp3Nl8tMmRUUDhuT1pHNG9jMUMzcmtpXzAxb3p3SjNlSGEwNnJzWEh3LWV0Qi1iYkdBZFZzZGJNV19yUWY4eEVaTnh4U2Mzc0xvMVM3cUtQbGwxc0RMUmVxOURGcmpteGVhdDNiVTVTVUpoUUVwSG5UR1h5T1BrY0ZJclExQzdzSHVpeWdzSl9UTUN5RXdwNXN5YnBIRlI5QdIBtwFBVV95cUxNbmZkOFMweWVnaUZKYmdhTXJqRlpHY3dNSklzVmVlbUVveGpOOWhyd3VIb1l2QWJ1TzROTzMybkpHVktheThFNEZGMk1fTHB2SUlIakRZV0Zsalk0czJXS1VXT1F5cTdHWktNM1dTd1gwejY5LWNLb3Y4NU1Nel9fcnl6OE1QRzF4V1VCeC1jU3VSc29hMnh1VGNHUWxvUC1OVTBsTUE3UnFxUWxrdzU0S2ZrMGxOM3c?oc=5"" target=""_blank"">Chicken Shortage in Goa as Supply Chain Disruption Causes Price Surge</a>&nbsp;&nbsp;<font color=""#6f6f6f"">heraldgoa.in</font>",https://news.google.com/rss/articles/CBMiqgFBVV95cUxOR0hjbktJWXZYMkp3Nl8tMmRUUDhuT1pHNG9jMUMzcmtpXzAxb3p3SjNlSGEwNnJzWEh3LWV0Qi1iYkdBZFZzZGJNV19yUWY4eEVaTnh4U2Mzc0xvMVM3cUtQbGwxc0RMUmVxOURGcmpteGVhdDNiVTVTVUpoUUVwSG5UR1h5T1BrY0ZJclExQzdzSHVpeWdzSl9UTUN5RXdwNXN5YnBIRlI5QdIBtwFBVV95cUxNbmZkOFMweWVnaUZKYmdhTXJqRlpHY3dNSklzVmVlbUVveGpOOWhyd3VIb1l2QWJ1TzROTzMybkpHVktheThFNEZGMk1fTHB2SUlIakRZV0Zsalk0czJXS1VXT1F5cTdHWktNM1dTd1gwejY5LWNLb3Y4NU1Nel9fcnl6OE1QRzF4V1VCeC1jU3VSc29hMnh1VGNHUWxvUC1OVTBsTUE3UnFxUWxrdzU0S2ZrMGxOM3c?oc=5,heraldgoa.in
2024-12-16 08:00:00,Transforming supply chain operations with AI - IBM,"<a href=""https://news.google.com/rss/articles/CBMingFBVV95cUxOeGc3dUk1bmFwLWJrTGRldGVGZDg0NTZSTHFVUFNJdEF6UzJJQTYtczZtVU9sZ1o3d3c3RGlIdGw5Q2ZlQlo2V2JhUE9IZXlXZ1NpcDhid2k1VHp5OUh3cG1DeG9HNGxKODFEMzUtZXFhSDhyQWtGSzBhUlVCcEQycXVMel9FTU4tR1lZWVVDcGtpZlJxb1hsNkg2bVJ1dw?oc=5"" target=""_blank"">Transforming supply chain operations with AI</a>&nbsp;&nbsp;<font color=""#6f6f6f"">IBM</font>",https://news.google.com/rss/articles/CBMingFBVV95cUxOeGc3dUk1bmFwLWJrTGRldGVGZDg0NTZSTHFVUFNJdEF6UzJJQTYtczZtVU9sZ1o3d3c3RGlIdGw5Q2ZlQlo2V2JhUE9IZXlXZ1NpcDhid2k1VHp5OUh3cG1DeG9HNGxKODFEMzUtZXFhSDhyQWtGSzBhUlVCcEQycXVMel9FTU4tR1lZWVVDcGtpZlJxb1hsNkg2bVJ1dw?oc=5,IBM
2024-10-08 07:00:00,"Port Worker Deal Extends Relief, Future Supply Chain Disruption Looms - Forbes","<a href=""https://news.google.com/rss/articles/CBMixAFBVV95cUxOdDRwNWlVZG9TRV9WZUJlUkFJeXo4NkdwMUNQc1c2QTFHOEVxQVNJTkh1TjY1cWRBdXg0Q2xPaERTYVBBVzZjZEF3Qkg1VUVHQVcwYndNcThQcTJLYTV3TWtfVVE4YU5pZ1FUMjF0UHpPWXI1UnBiVHpoTW82WG9GdnRMbE1kT2RPNHpoNmlUVjZTbU9SV2RWaWdHM0VOTjR4V0F2VEFkbXZSQUpic05RRmlIeFY2V09KZV9nMUJva0h0VFdL?oc=5"" target=""_blank"">Port Worker Deal Extends Relief, Future Supply Chain Disruption Looms</a>&nbsp;&nbsp;<font color=""#6f6f6f"">Forbes</font>",https://news.google.com/rss/articles/CBMixAFBVV95cUxOdDRwNWlVZG9TRV9WZUJlUkFJeXo4NkdwMUNQc1c2QTFHOEVxQVNJTkh1TjY1cWRBdXg0Q2xPaERTYVBBVzZjZEF3Qkg1VUVHQVcwYndNcThQcTJLYTV3TWtfVVE4YU5pZ1FUMjF0UHpPWXI1UnBiVHpoTW82WG9GdnRMbE1kT2RPNHpoNmlUVjZTbU9SV2RWaWdHM0VOTjR4V0F2VEFkbXZSQUpic05RRmlIeFY2V09KZV9nMUJva0h0VFdL?oc=5,Forbes
2025-07-24 06:25:02,UK construction sector must address geopolitical supply chain risks - QBE - Insurance Business America,"<a href=""https://news.google.com/rss/articles/CBMi6gFBVV95cUxNMDBsd1h0ZnU0bDNlY3I2R2Nqd21PNllUN1Jmd2Jab0Vjam4yS2tISlRqcjFtQmxSdHJMNGUwLTlwTGk0QUxZWUhSTjlzcEpfdDBvSHRZREUxallqeEJVb3gxVGhZdFJHczRrcy1pYmVLUENFbUd4M1NGeVk2OHdlM2hMaDhvd29jc3AxdEZGOUFzc2E0VTRobnpGYjhDQy1CcnUtN3ZGbnlhX0kteHlPUkt2ZHA3cXJLbW81bGx1aGR4dnFhcFdaSUtyN1kzM29MUG81MWlyWTRndnFJT0M2ejNmZGQ4cU02ZUE?oc=5"" target=""_blank"">UK construction sector must address geopolitical supply chain risks - QBE</a>&nbsp;&nbsp;<font color=""#6f6f6f"">Insurance Business America</font>",https://news.google.com/rss/articles/CBMi6gFBVV95cUxNMDBsd1h0ZnU0bDNlY3I2R2Nqd21PNllUN1Jmd2Jab0Vjam4yS2tISlRqcjFtQmxSdHJMNGUwLTlwTGk0QUxZWUhSTjlzcEpfdDBvSHRZREUxallqeEJVb3gxVGhZdFJHczRrcy1pYmVLUENFbUd4M1NGeVk2OHdlM2hMaDhvd29jc3AxdEZGOUFzc2E0VTRobnpGYjhDQy1CcnUtN3ZGbnlhX0kteHlPUkt2ZHA3cXJLbW81bGx1aGR4dnFhcFdaSUtyN1kzM29MUG81MWlyWTRndnFJT0M2ejNmZGQ4cU02ZUE?oc=5,Insurance Business America
2025-02-17 08:00:00,Disruption Proofing Your Supply Chain with Micro-Fulfillment - Supply & Demand Chain Executive,"<a href=""https://news.google.com/rss/articles/CBMi4wFBVV95cUxNUTNyX3M5T1JzNGVmTXRZV2Z3dHhvcWpXRGI2Mmd5VkwtWk9oYUNEMmZCQjBqOE9mNzFjS05VYVM5NWJYbk1iWkZSU24zX293YXNnc09FRi1zUnZOUlBSRjlTSlMyOHpINFVSa3Q0Y0JfY1V0Z0tMSGVOX0c2MklPSVh1UkZaUktLMjdZRFRoVmRrRnVqbHZBNnBLcTMwWlN4TXp5Rkl6LUd6TkpyeVFsbHIyeERpVnRESmp3MnRuY1VlUjdYeWZFMDM5ZUh6SzZ3ajdsWjlRWXFNMTJGaEJHRkpnSQ?oc=5"" target=""_blank"">Disruption Proofing Your Supply Chain with Micro-Fulfillment</a>&nbsp;&nbsp;<font color=""#6f6f6f"">Supply & Demand Chain Executive</font>",https://news.google.com/rss/articles/CBMi4wFBVV95cUxNUTNyX3M5T1JzNGVmTXRZV2Z3dHhvcWpXRGI2Mmd5VkwtWk9oYUNEMmZCQjBqOE9mNzFjS05VYVM5NWJYbk1iWkZSU24zX293YXNnc09FRi1zUnZOUlBSRjlTSlMyOHpINFVSa3Q0Y0JfY1V0Z0tMSGVOX0c2MklPSVh1UkZaUktLMjdZRFRoVmRrRnVqbHZBNnBLcTMwWlN4TXp5Rkl6LUd6TkpyeVFsbHIyeERpVnRESmp3MnRuY1VlUjdYeWZFMDM5ZUh6SzZ3ajdsWjlRWXFNMTJGaEJHRkpnSQ?oc=5,Supply & Demand Chain Executive
2025-01-13 08:00:00,Guinness shortage: a wake-up call for supply chain transformation - The Manufacturer,"<a href=""https://news.google.com/rss/articles/CBMiqgFBVV95cUxPZllSM1pPZ3NydzhLT05fdUk0NW1vb0dNVGx2WVUzVjVtcTRRaGFGQWRiS2pFSWMwbnU2YXNNSTBYREJaeURTR3V1cUltZ1JqRW1OU1dST1JHODZHcTV1OEtFNkU4VTNaNm82N25SZTN4b1NqMDhHRHdNdVk0WTBmbnZSSHY0VGJRQlpGd3NVTTZDYTNyWGdkMGZYNjhaZlhXcWxldkRhQ3FZdw?oc=5"" target=""_blank"">Guinness shortage: a wake-up call for supply chain transformation</a>&nbsp;&nbsp;<font color=""#6f6f6f"">The Manufacturer</font>",https://news.google.com/rss/articles/CBMiqgFBVV95cUxPZllSM1pPZ3NydzhLT05fdUk0NW1vb0dNVGx2WVUzVjVtcTRRaGFGQWRiS2pFSWMwbnU2YXNNSTBYREJaeURTR3V1cUltZ1JqRW1OU1dST1JHODZHcTV1OEtFNkU4VTNaNm82N25SZTN4b1NqMDhHRHdNdVk0WTBmbnZSSHY0VGJRQlpGd3NVTTZDYTNyWGdkMGZYNjhaZlhXcWxldkRhQ3FZdw?oc=5,The Manufacturer
2025-04-24 07:00:00,"Threat of tariffs risks further disruption to crucial supply chains, says EU's von der Leyen - Anadolu Ajansı","<a href=""https://news.google.com/rss/articles/CBMiywFBVV95cUxOejJfSmlpc3B0WEJYTC1QWjB4Y0U0SUpLQ1VYR2VVVnkyTm1nTUtzNk14Y2lfMEpRaW1jUjJGYzZyRml1bm41TlB6UjM2RHFibU00SEhlYzBYMk9paFhlN0swWWNtcHcxc3ZFQ0pwaXpzQmUxMHotN3V0bjdCT2ZpSXlXajJHalNnbWxJX3ZqY1dYWkhNWjBaSTNyVk9PUTZxeGJaOWdTUU00UTdENEdpSWpXRXA3d21aZXI4RzNLQXNXVlhoQTRQMFphaw?oc=5"" target=""_blank"">Threat of tariffs risks further disruption to crucial supply chains, says EU's von der Leyen</a>&nbsp;&nbsp;<font color=""#6f6f6f"">Anadolu Ajansı</font>",https://news.google.com/rss/articles/CBMiywFBVV95cUxOejJfSmlpc3B0WEJYTC1QWjB4Y0U0SUpLQ1VYR2VVVnkyTm1nTUtzNk14Y2lfMEpRaW1jUjJGYzZyRml1bm41TlB6UjM2RHFibU00SEhlYzBYMk9paFhlN0swWWNtcHcxc3ZFQ0pwaXpzQmUxMHotN3V0bjdCT2ZpSXlXajJHalNnbWxJX3ZqY1dYWkhNWjBaSTNyVk9PUTZxeGJaOWdTUU00UTdENEdpSWpXRXA3d21aZXI4RzNLQXNXVlhoQTRQMFphaw?oc=5,Anadolu Ajansı
2024-10-30 07:00:00,Swiss Re highlights $184 million supply chain disruption costs amid rising risks - Insurance Business America,"<a href=""https://news.google.com/rss/articles/CBMi8AFBVV95cUxQWWNyeW5Vc1NzLXEwU1VkQk9ZTTdQV2Y0SnlqX0JjeE5HZFlIU29hTjlMeVdKTHJqaGRXN3NIellSaXdOa0JTUGQ4YllIYWdJdEpQbURyZlkxR1duOWZxcm1jOHdoMzNZNjB4NkZjal9MbkpIaVVQbGM3N2c2cUZWUVRpUjd6bV80RFpBSlE2dm5JUFhaZlRaQUlOLWlCQWxESkQyeWU3TUppZHhISnpEcUtHRXNSal9FYVRPMkJSd0FwSldIaGVEUndWd0RiQmItNUxtOEN4Z3E4NFV5WTBCRVBTOHREdW84V21oMlBPYTA?oc=5"" target=""_blank"">Swiss Re highlights $184 million supply chain disruption costs amid rising risks</a>&nbsp;&nbsp;<font color=""#6f6f6f"">Insurance Business America</font>",https://news.google.com/rss/articles/CBMi8AFBVV95cUxQWWNyeW5Vc1NzLXEwU1VkQk9ZTTdQV2Y0SnlqX0JjeE5HZFlIU29hTjlMeVdKTHJqaGRXN3NIellSaXdOa0JTUGQ4YllIYWdJdEpQbURyZlkxR1duOWZxcm1jOHdoMzNZNjB4NkZjal9MbkpIaVVQbGM3N2c2cUZWUVRpUjd6bV80RFpBSlE2dm5JUFhaZlRaQUlOLWlCQWxESkQyeWU3TUppZHhISnpEcUtHRXNSal9FYVRPMkJSd0FwSldIaGVEUndWd0RiQmItNUxtOEN4Z3E4NFV5WTBCRVBTOHREdW84V21oMlBPYTA?oc=5,Insurance Business America
2025-02-18 08:00:00,Harnessing the power of agent-based models for mitigating supply chain risks and managing costs - Amazon Web Services,"<a href=""https://news.google.com/rss/articles/CBMiyAFBVV95cUxPdV9oYXZSaktNcDFGdWRSdTgxczhNNFhpREdUWk54d2t1OFpQRWVnOFhocjJqQkhacVlvZFA5eEpJVzBhRDVLRjZMOFJuZmF3X2Z1NTVnTEl0SjFTVXAzTGpKNG5wckxvenZnXzFrLTJHdkJwRUZYYURwcDNsYUJCLV9POFdQOXdKWlJzOEIxUlZnUUc1Y21HSzhqYXhWbEVOM20xMzN5YlJBX09icUthZW1UQ2NGYjdBLWtCY28yb0lsWkNiV3A2Ug?oc=5"" target=""_blank"">Harnessing the power of agent-based models for mitigating supply chain risks and managing costs</a>&nbsp;&nbsp;<font color=""#6f6f6f"">Amazon Web Services</font>",https://news.google.com/rss/articles/CBMiyAFBVV95cUxPdV9oYXZSaktNcDFGdWRSdTgxczhNNFhpREdUWk54d2t1OFpQRWVnOFhocjJqQkhacVlvZFA5eEpJVzBhRDVLRjZMOFJuZmF3X2Z1NTVnTEl0SjFTVXAzTGpKNG5wckxvenZnXzFrLTJHdkJwRUZYYURwcDNsYUJCLV9POFdQOXdKWlJzOEIxUlZnUUc1Y21HSzhqYXhWbEVOM20xMzN5YlJBX09icUthZW1UQ2NGYjdBLWtCY28yb0lsWkNiV3A2Ug?oc=5,Amazon Web Services
2024-11-07 08:00:00,Supply Chain Innovation 2024: A Formula for Thriving in the Age of Disruption - Supply Chain Brain,"<a href=""https://news.google.com/rss/articles/CBMiwgFBVV95cUxOYlFMdjViajVYeUtvRTJZcjVWV1NVZHFYaUlVMEEyaEpDd2l2czFWM1F6MVJuQThNMGtTU2R0d2dxWXNIOVZ0Y21YbmJIN0tZUnhoVGtqck1RX1dhNzFBUHNzU1hFVWpVcFdqR0RyN1MxTG90UEpnb2pUdER6QnNlVnh3Y05nSThaVllxSFBMOTVxNGtOeFBZRWJBT3o3U0IwNVJxYUxxcmwwVTVPVFpuQUVnUGVQMTRDc190cTYtS1NnUQ?oc=5"" target=""_blank"">Supply Chain Innovation 2024: A Formula for Thriving in the Age of Disruption</a>&nbsp;&nbsp;<font color=""#6f6f6f"">Supply Chain Brain</font>",https://news.google.com/rss/articles/CBMiwgFBVV95cUxOYlFMdjViajVYeUtvRTJZcjVWV1NVZHFYaUlVMEEyaEpDd2l2czFWM1F6MVJuQThNMGtTU2R0d2dxWXNIOVZ0Y21YbmJIN0tZUnhoVGtqck1RX1dhNzFBUHNzU1hFVWpVcFdqR0RyN1MxTG90UEpnb2pUdER6QnNlVnh3Y05nSThaVllxSFBMOTVxNGtOeFBZRWJBT3o3U0IwNVJxYUxxcmwwVTVPVFpuQUVnUGVQMTRDc190cTYtS1NnUQ?oc=5,Supply Chain Brain
2024-09-17 07:00:00,How tax is improving supply chain resiliency - EY,"<a href=""https://news.google.com/rss/articles/CBMirgFBVV95cUxOblJlOTRGaHdZM3BOMzlJREl4a0RHdFVUbFVDOWdIdlF0QUg5WkwyTnM3YVp4aXRTY3o0WjFVMl9BOGxsYXQ5YnJMMURIV0hfbURldm9jT214QWVZSm5mWTJoUlNZdlp1TTNRUEQ5RldkTVl4ek1kOFB1N3prUkJKa3JPQ2l4X3pwR09FcE9tcHhXM0pCLUJiUEdnQjdUZ1lmSDJRT3d1OWhoeWNOUlE?oc=5"" target=""_blank"">How tax is improving supply chain resiliency</a>&nbsp;&nbsp;<font color=""#6f6f6f"">EY</font>",https://news.google.com/rss/articles/CBMirgFBVV95cUxOblJlOTRGaHdZM3BOMzlJREl4a0RHdFVUbFVDOWdIdlF0QUg5WkwyTnM3YVp4aXRTY3o0WjFVMl9BOGxsYXQ5YnJMMURIV0hfbURldm9jT214QWVZSm5mWTJoUlNZdlp1TTNRUEQ5RldkTVl4ek1kOFB1N3prUkJKa3JPQ2l4X3pwR09FcE9tcHhXM0pCLUJiUEdnQjdUZ1lmSDJRT3d1OWhoeWNOUlE?oc=5,EY
2025-04-30 07:00:00,"As exports from China plunge, the U.S. faces an impending shortage of goods; here's what Americans should - The Economic Times","<a href=""https://news.google.com/rss/articles/CBMijwJBVV95cUxQOTNISG5CQm5xbHdESHIwWXBRS25ZOWVnNkg1NTdEMktMZ05NTXlXV0xOT2lReG1DVTJWQXpfb0E1RVBhN0tieW5tdEdhRVh5SzRYT3pGYWsxNUpTZ0xZRUdWV2V5N3E3NXpWSDU1RlRfRGluTmxCbU5hOVJFRElqd0FNNXE2b3NhQmJfeXd2OVhYeU03SS1PYkRxbVlaWGRiMDZVd25FMm5rSTU2Zzk4OTZRbUJHM21VeGttZjBRb0p6N3YxT1lNWTlJZERaT2s2dmNVZlV3a1luM3pMMUtLanRySld0aXBfbFJ4RWJTMW1jRWlPYXZsclVtNEU1eVFQWDhLclh3ZFhmUy1jaHFj0gGUAkFVX3lxTE00dWM3dW5pV05HdXlOT1lZNDFGY3pNMk1QNThKTXZTSnhid1pZOE56TlNGX3h6X2JhWWNzbW5IQlhHZ0hNY1RHZkNLM1k1NXJQYlNFRGEyMmplaGdjbjN5NGQxbDhEQU9YWUh1S0dHc1JGejFtQV9fQWdqdkFhYUJYMG8yMWNrZEY3XzBxdVZWNVB3bkRDbzhnUG1tZGxvZE5NQWs0eGxkX0djbWFWSGVqYjl3Y3NnUUJGdkV5UTJtZ2J1aEJBQ0d3UGJsTGRTMWZEZnZKS25oUXJhbmtmVnBhNGZkbE56NlZmUHZIZG9LWnNnWDVDNDlTc1owbnRCeXAwa1NZMVp3VE9VejlWNVotZHZidg?oc=5"" target=""_blank"">As exports from China plunge, the U.S. faces an impending shortage of goods; here's what Americans should</a>&nbsp;&nbsp;<font color=""#6f6f6f"">The Economic Times</font>",https://news.google.com/rss/articles/CBMijwJBVV95cUxQOTNISG5CQm5xbHdESHIwWXBRS25ZOWVnNkg1NTdEMktMZ05NTXlXV0xOT2lReG1DVTJWQXpfb0E1RVBhN0tieW5tdEdhRVh5SzRYT3pGYWsxNUpTZ0xZRUdWV2V5N3E3NXpWSDU1RlRfRGluTmxCbU5hOVJFRElqd0FNNXE2b3NhQmJfeXd2OVhYeU03SS1PYkRxbVlaWGRiMDZVd25FMm5rSTU2Zzk4OTZRbUJHM21VeGttZjBRb0p6N3YxT1lNWTlJZERaT2s2dmNVZlV3a1luM3pMMUtLanRySld0aXBfbFJ4RWJTMW1jRWlPYXZsclVtNEU1eVFQWDhLclh3ZFhmUy1jaHFj0gGUAkFVX3lxTE00dWM3dW5pV05HdXlOT1lZNDFGY3pNMk1QNThKTXZTSnhid1pZOE56TlNGX3h6X2JhWWNzbW5IQlhHZ0hNY1RHZkNLM1k1NXJQYlNFRGEyMmplaGdjbjN5NGQxbDhEQU9YWUh1S0dHc1JGejFtQV9fQWdqdkFhYUJYMG8yMWNrZEY3XzBxdVZWNVB3bkRDbzhnUG1tZGxvZE5NQWs0eGxkX0djbWFWSGVqYjl3Y3NnUUJGdkV5UTJtZ2J1aEJBQ0d3UGJsTGRTMWZEZnZKS25oUXJhbmtmVnBhNGZkbE56NlZmUHZIZG9LWnNnWDVDNDlTc1owbnRCeXAwa1NZMVp3VE9VejlWNVotZHZidg?oc=5,The Economic Times
2025-06-06 07:00:00,"The Next iPhone Supply Chain Disruption is Already Here, And Compliance Professionals Need to Act Fast - Global Trade Magazine","<a href=""https://news.google.com/rss/articles/CBMizgFBVV95cUxPcVV2TzdlSnJKTFZ2OUlDVTdJS3ZwZFRsM1h0TlJoT1MxbEZDcHhTcXNRem9OdUJXMXhlREdWOURzSmRSRDUwcklIQjlVeGhlUnhnQjFmSW14V25CY3l4clAzbFBhazlubEl6T0tlQ2xTQlVGakV4VDBBUmpFcVVycU5FRjVRSWZneXNPdnItUUZWNDloVWVJWDBfOVlOajEtSkJ2anNxakdIdDFnSUo4M0R3cFZfclB0R2VVang2eXo3VVVqR1hBZTJBbkJqUQ?oc=5"" target=""_blank"">The Next iPhone Supply Chain Disruption is Already Here, And Compliance Professionals Need to Act Fast</a>&nbsp;&nbsp;<font color=""#6f6f6f"">Global Trade Magazine</font>",https://news.google.com/rss/articles/CBMizgFBVV95cUxPcVV2TzdlSnJKTFZ2OUlDVTdJS3ZwZFRsM1h0TlJoT1MxbEZDcHhTcXNRem9OdUJXMXhlREdWOURzSmRSRDUwcklIQjlVeGhlUnhnQjFmSW14V25CY3l4clAzbFBhazlubEl6T0tlQ2xTQlVGakV4VDBBUmpFcVVycU5FRjVRSWZneXNPdnItUUZWNDloVWVJWDBfOVlOajEtSkJ2anNxakdIdDFnSUo4M0R3cFZfclB0R2VVang2eXo3VVVqR1hBZTJBbkJqUQ?oc=5,Global Trade Magazine
2025-04-18 07:00:00,DU Supply Chain Expert Weighs in on the Real Reason Egg Prices Are High - University of Denver,"<a href=""https://news.google.com/rss/articles/CBMijgFBVV95cUxQeGJxMW0xVWdFc21vOHNJMnluRUJldVhfWVpjRG5nM2c2UXhiQnloYTBJQ2lOdE90cmp1aVl4dG1FODRjNWVtSXhYNG9WQloxTFlWT2s5VjlYd3RlMWJkNnpBdW8xakdMNFJ4M2ZrbDJIVnRPS0VLck5RNVBhbUNBc19nZVRtalN4OC1vaGhB?oc=5"" target=""_blank"">DU Supply Chain Expert Weighs in on the Real Reason Egg Prices Are High</a>&nbsp;&nbsp;<font color=""#6f6f6f"">University of Denver</font>",https://news.google.com/rss/articles/CBMijgFBVV95cUxQeGJxMW0xVWdFc21vOHNJMnluRUJldVhfWVpjRG5nM2c2UXhiQnloYTBJQ2lOdE90cmp1aVl4dG1FODRjNWVtSXhYNG9WQloxTFlWT2s5VjlYd3RlMWJkNnpBdW8xakdMNFJ4M2ZrbDJIVnRPS0VLck5RNVBhbUNBc19nZVRtalN4OC1vaGhB?oc=5,University of Denver
2024-09-30 10:19:13,Top 5 supply chain risks in 2024 - Delivered - Global - DHL,"<a href=""https://news.google.com/rss/articles/CBMilAFBVV95cUxNWkZCaVRadlQ1c2ZjLXJ1d0pGb0dpSDBnUUtTQlZQSHpFVmtkbk1PWHVLMDdKbVVkdkdKa1YyX2xqN3VoYXZLUmlFWE1jeHJaM1BfbndJdEN5Wkg4eVhtMW5WUE5WWUhMOHo1VGtkWXlZX2RQQlRiMENBT1h5WXoyenNyaFo0VWJVbzJzNzRJSkFVU1VR?oc=5"" target=""_blank"">Top 5 supply chain risks in 2024 - Delivered - Global</a>&nbsp;&nbsp;<font color=""#6f6f6f"">DHL</font>",https://news.google.com/rss/articles/CBMilAFBVV95cUxNWkZCaVRadlQ1c2ZjLXJ1d0pGb0dpSDBnUUtTQlZQSHpFVmtkbk1PWHVLMDdKbVVkdkdKa1YyX2xqN3VoYXZLUmlFWE1jeHJaM1BfbndJdEN5Wkg4eVhtMW5WUE5WWUhMOHo1VGtkWXlZX2RQQlRiMENBT1h5WXoyenNyaFo0VWJVbzJzNzRJSkFVU1VR?oc=5,DHL
2024-10-02 07:00:00,Supply Chain Disruption Denied with Connectivity and Communication - Supply & Demand Chain Executive,"<a href=""https://news.google.com/rss/articles/CBMi7wFBVV95cUxNaVBMRXdELWw2Tll0MWQyRHNLRmhmc05vZFBEZFNSbTREMElmTXpYNl9GSU5XM0lPZXpEOHhDZklmVEt0Szh6bXFRaDc3ejZYVndBVW1jcDZQMXVnMUFNWVF3QkstTzZRcmFYU2ZYUW1QclZqdXlUWGFNLXFfU2thWGszd3Q2TDE5QmlCN0pDblNwMDNSSndpY0FaWnNOelhVY1dhbENzZGlWNkRiTi1LbGFfWHZDWmhWTlUxSjk3d3l4YkYxVldPME9CSng4cV9tQVlsMmZFRTk0eUVudngycjlrY2VxOFF4anhJS0REQQ?oc=5"" target=""_blank"">Supply Chain Disruption Denied with Connectivity and Communication</a>&nbsp;&nbsp;<font color=""#6f6f6f"">Supply & Demand Chain Executive</font>",https://news.google.com/rss/articles/CBMi7wFBVV95cUxNaVBMRXdELWw2Tll0MWQyRHNLRmhmc05vZFBEZFNSbTREMElmTXpYNl9GSU5XM0lPZXpEOHhDZklmVEt0Szh6bXFRaDc3ejZYVndBVW1jcDZQMXVnMUFNWVF3QkstTzZRcmFYU2ZYUW1QclZqdXlUWGFNLXFfU2thWGszd3Q2TDE5QmlCN0pDblNwMDNSSndpY0FaWnNOelhVY1dhbENzZGlWNkRiTi1LbGFfWHZDWmhWTlUxSjk3d3l4YkYxVldPME9CSng4cV9tQVlsMmZFRTk0eUVudngycjlrY2VxOFF4anhJS0REQQ?oc=5,Supply & Demand Chain Executive
2025-07-20 11:39:16,U.S.-Mexico Tomato Trade Disruption and Its Impact on Supply Chain and Agricultural Markets - AInvest,"<a href=""https://news.google.com/rss/articles/CBMiqgFBVV95cUxNNUczRmEwNXAwdWF3WFpWX2FLbXZhUUI3MVNmcmo2UlJ3bWVlWW1peTYxaW5NUklVRE1Mc0F4cW96RHJPelIyb2JaVGdDMmxUTjJuWXFWSFRvS3duRmxyYnFuQzJIOVNicHdlbmRScjYtaFo2ZU5IQlZBRllkNERjLXAwN0VabnhFenp5YnE3R2xRZGQ5YzNGclZmbkQ5WGFWQ01TTVdIVWVUQQ?oc=5"" target=""_blank"">U.S.-Mexico Tomato Trade Disruption and Its Impact on Supply Chain and Agricultural Markets</a>&nbsp;&nbsp;<font color=""#6f6f6f"">AInvest</font>",https://news.google.com/rss/articles/CBMiqgFBVV95cUxNNUczRmEwNXAwdWF3WFpWX2FLbXZhUUI3MVNmcmo2UlJ3bWVlWW1peTYxaW5NUklVRE1Mc0F4cW96RHJPelIyb2JaVGdDMmxUTjJuWXFWSFRvS3duRmxyYnFuQzJIOVNicHdlbmRScjYtaFo2ZU5IQlZBRllkNERjLXAwN0VabnhFenp5YnE3R2xRZGQ5YzNGclZmbkQ5WGFWQ01TTVdIVWVUQQ?oc=5,AInvest
