published_at,title,description,source,url,content
2025-07-25T17:38:48Z,"Ahead of Shutdown Deadline, Democrats Face a Dilemma on Spending","Democrats are leery of supporting Republican spending measures after the White House forced through clawbacks of funding already approved by Congress.With a government funding deadline looming in September, Democrats face the same quandary that dogged them ea…",Freerepublic.com,https://freerepublic.com/focus/f-news/4330737/posts,"Skip to comments.
Ahead of Shutdown Deadline, Democrats Face a Dilemma on SpendingThe New York Times ^
 | July 25, 2025, 3:00 a.m. ET
 | Catie Edmondson and Carl Hulse
Posted on 07/25/2025 10:38:… [+3234 chars]"
2025-07-25T17:32:28Z,Filipino and Indian Flavors Merge at This ‘Top Chef’ Star’s New Wicker Park Cafe,"Zubair Mohajir has helped redefine South Asian cuisine in Chicago, with the successes of Lilac Tiger and the Coach House in Wicker Park, and more recently, with the fusion of Mexican and Indian flavors at Mirra in Bucktown. Then, Mohajir leaped to the nationa…",Eater,https://chicago.eater.com/openings/161187/sarima-new-chicago-cafe-bakery-south-asian-filipino-zubair-mohajir-open,"Reema Patel is part of the crew a Sarima Cafe, now open in Wicker Park. | Kim Kovacik/Eater Chicago


Zubair Mohajir has helped redefine South Asian cuisine in Chicago, with the successes of Lilac T… [+4144 chars]"
2025-07-25T17:31:00Z,What Powers (Almost) Everything We Do,"North America's electrical system is a miracle, but also kind of a mess. Blackout is always closer than you think.",Thenewatlantis.com,https://www.thenewatlantis.com/publications/how-electricity-system-works,"Put a bagel in a toaster oven and push a button. In a few seconds, heating elements inside the oven glow red and heat the bagel. The action seems simple after all, ten-year-olds routinely toast bagel… [+21091 chars]"
2025-07-25T17:30:31Z,Fed Chair Jerome Powell Correctly Distinguishes Trump Pee From Rain,"No, that's not true, Charlie Brown did not have hoes!",Wonkette.com,https://www.wonkette.com/p/fed-chair-jerome-powell-correctly,"Donald Trump has been trying to fire Federal Reserve Chair Jerome Powell which he cant, at least not legally or at least pressure Powell into resigning, because Powell has resisted Trumps calls to ju… [+8707 chars]"
2025-07-25T17:30:17Z,XRP’s bull run might have ended at $3.65: Here’s what must happen to save it,XRP sharply sells-off after whales liquidate their holdings and the wider crypto market corrects. Is it over for XRP?,Cointelegraph,https://cointelegraph.com/news/xrp-s-bull-run-might-have-ended-at-dollar3-65-here-s-what-must-happen-to-save-it,"Key takeaways:
<ul><li>XRPs liquidation was the third-largest long liquidation on Binance this year.
</li><li>XRPs higher time frame trend remains bullish, as bulls aim to defend the $2.95$3.00 sup… [+3198 chars]"
2025-07-25T17:30:00Z,"Video: First Look at ""LEGO Masters Jr."" Premiering Monday, August 18 at 8/7c on FOX!","Hosted by Kelly Osbourne, the series features celebrity contestants including Ravi V. Patel, Andy Richter, Jordin Sparks, Alison Sweeney and Porsha Williams.",Thefutoncritic.com,http://www.thefutoncritic.com/video/2025/07/25/video-first-look-at-lego-masters-jr-premiering-monday-august-18-at-8-7c-on-fox-737324/20250725fox01/,"BRICK-ING NEWS
JUST REVEALED AT SAN DIEGO COMIC-CON, LEGO(R) MASTERS JR. SHARES A FIRST LOOK
AT THE FUN-SIZED 4-WEEK SPECIAL EVENT SERIES PREMIERING MONDAY, AUGUST 18 @ 8/7c ON FOX!
CLICK HERE TO … [+2266 chars]"
2025-07-25T17:28:04Z,Tokenized money market funds emerge as Wall Street’s answer to stablecoins,"Goldman Sachs and BNY Mellon are tokenizing money market funds to stay competitive as stablecoin adoption surges. JPMorgan strategist Teresa Ho says the move could expand use cases, including margin collateral.",Cointelegraph,https://cointelegraph.com/news/tokenized-money-market-funds-vs-stablecoins-jpmorgan,"The tokenization of money market funds marks a significant step in preserving the appeal of cash as an asset, especially as the growing adoption of stablecoins threatens to erode the attractiveness o… [+3342 chars]"
2025-07-25T17:24:06Z,This Week in AI: President Trump Releases AI Action Plan; Delta Tests Personalized Pricing,"The White House released a policy roadmap detailing President Donald Trump’s strategy to maintain U.S. leadership in the global artificial intelligence (AI) race. The plan emphasizes deregulation, infrastructure development, tighter export controls and freedo…",pymnts.com,http://www.pymnts.com/news/artificial-intelligence/2025/this-week-in-ai-president-trump-releases-ai-action-plan-delta-tests-personalized-pricing/,"The White House released a policy roadmap detailing President Donald Trumps strategy to maintain U.S. leadership in the global artificial intelligence (AI) race. The plan emphasizes deregulation, inf… [+3828 chars]"
2025-07-25T17:22:17Z,Seniors rarely downsize — here’s why that’s hurting first-time homebuyers,"Realtor Barry Lebow specializes in helping seniors downsize _ moving out of the family homes they’ve lived in for decades to a smaller place that’s a better fit for their aging lifestyle. From the outside, that might look like the natural progression: feeding…",Financial Post,https://financialpost.com/pmn/seniors-rarely-downsize-heres-why-thats-hurting-first-time-homebuyers-2,"Realtor Barry Lebow specializes in helping seniors downsize _ moving out of the family homes theyve lived in for decades to a smaller place thats a better fit for their aging lifestyle.
THIS CONTENT… [+4837 chars]"
2025-07-25T17:17:47Z,Shale Stumbles Again as U.S. Rig Count Drops Further,"The total number of active drilling rigs for oil and gas in the United States fell this week, according to new data that Baker Hughes published on Friday as operators continue to scale back activity amid weak prices and cautious capital spending. The total ri…",OilPrice.com,https://oilprice.com/Energy/Energy-General/Shale-Stumbles-Again-as-US-Rig-Count-Drops-Further.html,"BP has reversed its renewable…
Oil prices rose modestly in…
The United States approved a…
By Julianne Geiger - Jul 25, 2025, 12:17 PM CDTThe total number of active drilling rigs for oil and gas in… [+2015 chars]"
2025-07-25T17:17:40Z,Why Google's Next Foldable Could Spark a Color Revolution,"Ever notice how the tech world gets collectively obsessed with certain colors? Remember when everyone and their grandmother wanted that Really Blue Pixel XL back in 2016? Well, buckle up—Google's upcoming Pixel 10 Pro Fold might just trigger another color cra…",Gadgethacks.com,https://pixel.gadgethacks.com/news/why-googles-next-foldable-could-spark-a-color-revolution/,"Ever notice how the tech world gets collectively obsessed with certain colors? Remember when everyone and their grandmother wanted that Really Blue Pixel XL back in 2016? Well, buckle upGoogle's upco… [+6289 chars]"
2025-07-25T17:13:17Z,Enjoy Silent Nights And Improved Rest With The Best Anti-Snore Devices,"Whether your snoring originates from your throat or nose, the best anti-snore devices can help open airways or adjust your posture to help ease the problem.",Forbes,https://www.forbes.com/sites/forbes-personal-shopper/article/best-anti-snore-device/,"Regular snoring is not only a frustration, but it can also be a major sleep disruptorand in more serious cases, a sign of an underlying health issue. In addition to consulting your doctor, if you or … [+12172 chars]"
2025-07-25T17:12:35Z,What The GENIUS Act Means For Crypto-Native Stablecoin Issuers,"The GENIUS Act will grow the stablecoin space, but with increased competition for existing leaders",Forbes,https://www.forbes.com/sites/digital-assets/2025/07/25/what-the-genius-act-means-for-crypto-native-stablecoin-issuers/,"Dollar-backed tokens are set for rapid growth after the signing into law of the GENIUS Act
SOPA Images/LightRocket via Getty Images
After an arduous process the first comprehensive stablecoin legis… [+5932 chars]"
2025-07-25T17:12:09Z,Bitcoin’s four-year cycle loses grip as maturing market reshapes dynamics,"Bitcoin’s long-standing four-year cycle, once a dominant framework for predicting price movements, is beginning to lose its influence, according to Bitwise CIO Matt Hougan. In a July 25 post on X, Hougan pointed out that the maturing nature of the crypto mark…",CryptoSlate,https://cryptoslate.com/bitcoins-four-year-cycle-loses-grip-as-maturing-market-reshapes-dynamics/,"Bitcoins long-standing four-year cycle, once a dominant framework for predicting price movements, is beginning to lose its influence, according to Bitwise CIO Matt Hougan.
In a July 25 post on X, Ho… [+2940 chars]"
2025-07-25T17:10:00Z,Hulk Hogan's Sex Tape Lawsuit Changed Kotaku Forever,"The Hulk Hogan sex tape lawsuit, financed by a guy who flinches at the prospect of humanity enduring, is not really my story to tell. I was merely an observer at the time. While I’m all too familiar with most of the key twists and turns in the very messy, ver…",Kotaku,https://kotaku.com/hulk-hogan-sex-tape-gawker-lawsuit-kotaku-go-media-1851787000,"The Hulk Hogan sex tape lawsuit, financed by a guy who flinches at the prospect of humanity enduring, is not really my story to tell. I was merely an observer at the time. While Im all too familiar w… [+5182 chars]"
2025-07-25T17:05:15Z,A. Lange & Söhne Unveils the New Zeitwerk Date in Pink Gold,"One of horology's most sought-after brands, A. Lange & Söhne has reimagined its prized Zeitwerk Date in pink gold.
The post A. Lange & Söhne Unveils the New Zeitwerk Date in Pink Gold appeared first on Haute Time.",Hautetime.com,https://www.hautetime.com/a-lange-sohne-unveils-the-new-zeitwerk-date-in-pink-gold/,"Adored by niche collectors, A. Lange &amp; Söhne has evolved into a name that elicits reverence and aggressive bidding. Watch connoisseurs today know that when a Lange surfaces at auction, things get… [+6969 chars]"
2025-07-25T17:00:34Z,"BONK up 158% in July, but can buybacks push it 46% higher?",BONK has rallied by 158% in July. Will its deflationary program extend its uptrend?,Ambcrypto.com,https://ambcrypto.com/bonk-up-158-in-july-but-can-buybacks-push-it-46-higher/,"Key Takeaways
BONK has burnt 500 billion tokens amid an aggressive deflationary plan that could fuel the memecoins next phase of the uptrend. However, will the market bulls hold their ground? 
BONK… [+2230 chars]"
2025-07-25T17:00:00Z,Kiwifruit harvest hits record despite US tariff concerns,"The kiwifruit harvest is nearly complete, with over 215 million trays picked.",New Zealand Herald,https://www.nzherald.co.nz/the-country/news/kiwifruit-harvest-hits-record-despite-us-tariff-concerns/R66K7NEDW5GHDHCSTBVQ77PVMA/,"Potential tariffs on exports to the US, including kiwifruit, remain on the industrys radar.
While confidence in demand for our kiwifruit remains strong, we recognise that the current environment we … [+3774 chars]"
2025-07-25T17:00:00Z,UX Strategies for Complex-Application Design,"UX in complex, specialized domains requires adapting familiar methods across the design lifecycle to address domain constraints and expert-user needs.",Nngroup.com,https://www.nngroup.com/articles/strategies-complex-application-design/,"Complex applications like those used in specialized domains such as healthcare, finance, or logistics support nonlinear workflows, expert users, and high-stakes decisions. Designing them introduces n… [+12334 chars]"
2025-07-25T17:00:00Z,"Philly McMahon: I think Donegal will win but if you hang around long enough, I’ll build you a sturdy argument for Kerry",Punditry is a mug’s game. Evidence of which was in hearty supply last week. Everyone went for Cork in the hurling final. Everyone.,Independent.ie,https://www.independent.ie/sport/gaelic-games/gaelic-football/philly-mcmahon-i-think-donegal-will-win-but-if-you-hang-around-long-enough-ill-build-you-a-sturdy-argument-for-kerry/a1510917732.html,"Punditry is a mugs game. Evidence of which was in hearty supply last week. Everyone went for Cork in the hurling final. Everyone.
Not just in this parish, but absolutely anybody with a column inch o… [+32 chars]"
2025-07-25T16:58:49Z,China’s “GPU Repair” Business Is Booming Right Now As The Illegally Acquired NVIDIA H100 & A100 AI Chips Are Being Repaired In Shocking Numbers,"Apart from the ""smuggling business"" in China, it seems like repairers are earning hefty sum of money by providing services for NVIDIA's high-end AI chips. NVIDIA's AI Chips Are Being Repaired By More Than Dozen Firms In China, Extending Their Lifecycle There'…",Wccftech,https://wccftech.com/chinas-gpu-repair-business-is-booming-right-now-as-the-illegally-acquired-nvidia-chips-are-being-repaired-in-shocking-numbers/,"Apart from the ""smuggling business"" in China, it seems like repairers are earning hefty sum of money by providing services for NVIDIA's high-end AI chips.
There's no doubt that China has access to h… [+1600 chars]"
2025-07-25T16:57:53Z,"The Congressional Coffee Caucus Tariff Exemption, Explained",This article is from the coffee website Sprudge at http://sprudge.com. This is the RSS feed version. Tariffs are scheduled to go into effect August 1st.,Sprudge.com,https://sprudge.com/the-congressional-coffee-caucus-tariff-exemption-explained-382041.html,"We are one week away from August 1st, the day a new round of sweeping tariffs from the US government takes effect. Among the countries impacted are major coffee producers Vietnam, Indonesia, and Braz… [+2548 chars]"
2025-07-25T16:57:50Z,Ukraine says it is holding back Russia’s offensive but has only received pledges for three Patriot systems,Volodymyr Zelenskiy renews call for summit with Vladimir Putin to end Russia-Ukraine war,The Irish Times,https://www.irishtimes.com/world/europe/2025/07/25/ukraine-says-it-is-holding-back-russias-offensive-but-has-only-received-pledges-for-three-patriot-systems/,Ukraine said it is holding back Russias summer offensive in eastern regions but has only received pledges from western allies to provide three of the 10 US-built Patriot air defence systems that it n… [+3638 chars]
2025-07-25T16:54:53Z,Supertanker Hauling Saudi Diesel Heads to Fuel-Starved Europe,"A supertanker carrying a cargo of diesel from the Middle East is en route to the fuel-starved European market, reflecting supply tightness in the region.",gcaptain.com,https://gcaptain.com/supertanker-hauling-saudi-diesel-heads-to-fuel-starved-europe/,"(Bloomberg) — A supertanker carrying a cargo of diesel from the Middle East is en route to the fuel-starved European market, reflecting supply tightness in the region.
The VLCC Nissos Keros loaded a… [+1062 chars]"
2025-07-25T16:54:26Z,Longtime lawmaker shapes the debate as Arizona grapples with dwindling water supplies,"Through nearly two decades marked by drought, climate change and growing demand for water, Arizona state Rep. Gail Griffin has sat at the crossroads of efforts to manage dwindling water supplies",ABC News,https://abcnews.go.com/Politics/wireStory/longtime-lawmaker-shapes-debate-arizona-grapples-dwindling-water-124075519,"PHOENIX -- Throughout two decades marked by drought, climate change and growing demand for water, Arizonas leaders have fiercely debated an increasingly urgent problem: how to manage dwindling water … [+4997 chars]"
2025-07-25T16:51:46Z,Families Going Into Debt for Back-to-School Supplies Jumps by Double Digits,Parents cited inflation and concerns over new tariffs as major sources of financial strain ahead of the new academic year.,Newsweek,https://www.newsweek.com/families-going-debt-back-school-supplies-jumps-double-digits-2104140,"Forty-four percent of parents plan to incur debt to cover school supplies—a 10-percentage-point increase from 2024—a new survey by Intuit Credit Karma found.
Parents cited concerns over new tariffs … [+5595 chars]"
2025-07-25T16:51:32Z,Cancer survivor whose uterus was surgically repositioned inside of her gives birth to baby,She's the sixth woman in the world to give birth after undergoing the groundbreaking procedure.,New York Post,https://nypost.com/2025/07/25/health/woman-gives-birth-after-her-uterus-was-surgically-repositioned/,"Talk about a labor of love.
An Israeli woman has delivered a healthy baby after undergoing a rare procedure that involved relocating her uterus to preserve her fertility during cancer treatments.
T… [+3895 chars]"
2025-07-25T16:50:00Z,Erayak Power Solution Group. Announces $3 Million Registered Direct Offering,"Wenzhou, China, July 25, 2025 (GLOBE NEWSWIRE) -- Erayak Power Solution Group Inc.. (NASDAQ: RAYA) (""Erayak"" or the ""Company""), a leading manufacturer, designer, and exporter of high-quality products in the power supply industry, today announced that it has e…",GlobeNewswire,https://www.globenewswire.com/news-release/2025/07/25/3121945/0/en/Erayak-Power-Solution-Group-Announces-3-Million-Registered-Direct-Offering.html,"Wenzhou, China, July 25, 2025 (GLOBE NEWSWIRE) -- Erayak Power Solution Group Inc.. (NASDAQ: RAYA) (""Erayak"" or the ""Company""), a leading manufacturer, designer, and exporter of high-quality products… [+4730 chars]"
2025-07-25T16:48:47Z,Southwest's Rocky Q3 Outlook Sparks Doubts Over Steep Q4 Profit Climb,"Southwest Airlines Company (NYSE:LUV) shares are trading relatively flat on Friday. On Wednesday, the company reported second-quarter adjusted earnings of 43...",Yahoo Entertainment,https://finance.yahoo.com/news/southwests-rocky-q3-outlook-sparks-164847450.html,"Southwest Airlines Company (NYSE:LUV) shares are trading relatively flat on Friday.
On Wednesday, the company reported second-quarter adjusted earnings of 43 cents per share, which missed the Street… [+2633 chars]"
2025-07-25T16:46:16Z,"At GFT 2025, Thai Apparel Industry Charts Future Amid Regional Conflict and Tariff Fears","ASEAN’s largest textile and garment machinery exhibition in Bangkok featured international exhibitors from Japan, India, Vietnam and beyond.",Sourcing Journal,https://sourcingjournal.com/topics/sourcing/gft-2025-thailand-apparel-industry-asean-sourcing-trade-tariffs-1234756867/,"Against a backdrop of political tension, tariff threats and cross-border instability, GFT 2025 opened this week in Bangkok with a bold message from Southeast Asias apparel industry: innovation will n… [+7826 chars]"
2025-07-25T16:46:00Z,Volkswagen Teases Made-in-America Audis After $1.5 Billion Tariff Hit,"The German automaker said it expects challenges due to political uncertainty, expanding trade restrictions and geopolitical tensions.",The Wall Street Journal,https://www.wsj.com/business/autos/volkswagen-cuts-guidance-as-tariffs-hit-earnings-ea97b7ae,"The German automaker reported a sharp fall in first-half earnings. - mike blake/Reuters
Volkswagen said President Trumps tariffs have cost it $1.5 billion. Now it has a solution: An offer to the Whi… [+5386 chars]"
2025-07-25T16:45:33Z,Phillips 66 Weighs Projects to Profit From Tight Diesel Market,,Biztoc.com,https://biztoc.com/x/8d655709d1271cba,"{ window.open(this.href, '_blank'); }, 200); return false;""&gt;Why did the FCC approve the Paramount-Skydance merger? { window.open(this.href, '_blank'); }, 200); return false;""&gt;How are US tariffs… [+782 chars]"
2025-07-25T16:44:40Z,"Venmo, PayPal users can now send money to the US government to help pay down $36.7T national debt",The US Treasury Department is now accepting Venmo and PayPal payments from those who want to donate money to reduce the nation’s ballooning $36.7 trillion debt.,New York Post,https://nypost.com/2025/07/25/business/venmo-paypal-users-can-help-us-government-pay-down-36-7t-debt/,"The US Treasury Department is now accepting Venmo and PayPal payments from those who want to donate money to reduce the nations ballooning $36.7 trillion debt.
The digital payment platforms can be u… [+3401 chars]"
2025-07-25T16:43:34Z,China's 'Project of the Century'—World's Biggest Hydropower Dam—Is Underway,"""This dam can almost power the state of Texas,"" an engineer told Newsweek, with the scale of energy produced ""simply astounding.""",Newsweek,https://www.newsweek.com/china-worlds-largest-hydropower-dam-construction-begins-2104185,"Construction has officially commenced on what is set to become the world's largest hydropower dam, China's premier Li Qiang announced on July 19.
Located on the eastern rim of the Tibetan Plateau, t… [+5258 chars]"
2025-07-25T16:32:33Z,"Bitcoin Halving Cycles? No Longer Key, Says Bitwise's Matt Hougan","Matt Hougan, Chief Investment Officer at Bitwise Asset Management, says the era of crypto's traditional four-year market cycle is over. What Happened: In an ...",Yahoo Entertainment,https://finance.yahoo.com/news/bitcoin-halving-cycles-no-longer-163233312.html,"Matt Hougan, Chief Investment Officer at Bitwise Asset Management, says the era of crypto's traditional four-year market cycle is over.
What Happened: In an X post on Friday, Hougan pointed to struc… [+2303 chars]"
2025-07-25T16:30:44Z,100X More Efficient Than ARM Processors – Electron E1,"Article URL: https://morethanmoore.substack.com/p/efficient-computers-electron-e1-cpu
Comments URL: https://news.ycombinator.com/item?id=44685050
Points: 18
# Comments: 1",Substack.com,https://morethanmoore.substack.com/p/efficient-computers-electron-e1-cpu,"We've been building general-purpose CPUs wrong for decades, apparently. That's the bold claim from Efficient Computer, a new startup stepping into the embedded market with their Electron E1 chip. For… [+12380 chars]"
2025-07-25T16:30:05Z,How car dealerships have capitalized on crisis through bait-and-switch pricing,"CoPilot reports that 71% of U.S. used car buyers face bait-and-switch pricing, costing consumers $11.8 billion annually.",Copilotsearch.com,https://www.copilotsearch.com/dealer-report/,"How car dealerships have capitalized on crisis through bait-and-switch pricing
Few customer experiences can evoke as much anxiety, uncertainty, and frustration as walking into a car dealership. As a… [+10838 chars]"
2025-07-25T16:30:00Z,Marine Corps Systems Command Explores Cutting-Edge Boot Designs to Enhance Warfighter Lethality,"To enhance the lethality of individual Marine warfighters, 25 School of Infantry-West instructors will spend the summer testing a new design for Marine Corps Systems Command’s (MARCORSYSCOM) Optional Boot Program. This model, which features lighter weight mat…",Soldiersystems.net,https://soldiersystems.net/2025/07/25/marine-corps-systems-command-explores-cutting-edge-boot-designs-to-enhance-warfighter-lethality/,"To enhance the lethality of individual Marine warfighters, 25 School of Infantry-West instructors will spend the summer testing a new design for Marine Corps Systems Commands (MARCORSYSCOM) Optional … [+8176 chars]"
2025-07-25T16:30:00Z,Intel Lays Off 24000 and Shuts Down Major Projects in Bold Restructuring,"Intel slashed 24,000 jobs worldwide. The chip giant also cancelled multiple major projects in July 2025. This sweeping restructuring under CEO Lip Bu Tan aims",TalkAndroid,https://www.talkandroid.com/512728-intel-cutting-jobs/,"Intel slashed 24,000 jobs worldwide. The chip giant also cancelled multiple major projects in July 2025. This sweeping restructuring under CEO Lip Bu Tan aims to streamline operations and address mou… [+3692 chars]"
2025-07-25T16:30:00Z,What To Expect From Monday’s OPEC+ Meeting,"OPEC+ looks set to stay the course at Monday’s Joint Ministerial Monitoring Committee meeting, with four anonymous delegates telling Reuters the group is unlikely to tinker with its output policy. A fifth source said it was too early to say. The plan on the t…",OilPrice.com,https://oilprice.com/Energy/Crude-Oil/What-To-Expect-From-Mondays-OPEC-Meeting.html,"Chevron and ExxonMobil are now…
Oil prices are influenced by…
Africa's upstream oil and gas…
By Julianne Geiger - Jul 25, 2025, 11:30 AM CDTOPEC+ looks set to stay the course at Mondays Joint Mini… [+2233 chars]"
2025-07-25T16:29:39Z,Hungary for trouble: Why Orbán must inevitably choose between the US and China,Budapest’s attempt to thread the needle between Washington and Beijing looks increasingly forlorn.,EURACTIV,https://www.euractiv.com/section/economy-jobs/news/hungary-for-trouble-why-orban-must-inevitably-choose-between-the-us-and-china/,Viktor Orbán and Donald Trump share many similarities: both are virulently anti-immigrant; both love Russia; both are suspicious of Ukraine; and both purport to defend traditional values against glob… [+9127 chars]
2025-07-25T16:26:35Z,AHS temporarily shutters Saskatoon Farm food facilities after 88 fall ill,Alberta Health Services has temporarily closed all food services at the popular Okotoks farm after 88 people reported gastrointestinal illness following visits on July 15 and 16. Officials are also investigating whether two recent hospitalizations are connect…,CBC News,https://www.cbc.ca/news/canada/calgary/saskatoon-farm-restaurant-closed-1.7593621,"More than a week after dining at the sit-down restaurant at Saskatoon Farm, best friends Kayla Scott and Alanna Jensen are still battling a stubborn illness and they aren't the only ones.
Alberta He… [+3369 chars]"
2025-07-25T16:23:01Z,Will we see a re-emergence of Syria’s oil and gas markets?,"A glimpse into emerging politics and possibilities after the EU, UK and US lifted sanctions following the collapse of the Assad regime.",Energymonitor.ai,https://www.energymonitor.ai/analyst-comment/re-emergence-syria-oil-gas-markets-2/,"After 14 years of conflict, the Assad regime in Syria fell in December 2024. Western nations subsequently removed significant sanctions against it to encourage economic growth and peaceful diplomacy … [+6052 chars]"
2025-07-25T16:18:22Z,Goldman Sachs Starts Amkor (AMKR) at Neutral Amid Stable Semi Cycle and China Tailwinds,"Amkor Technology Inc. (NASDAQ:AMKR) is one of the most oversold semiconductor stocks so far in 2025. On July 10, Goldman Sachs analyst James Schneider began ...",Yahoo Entertainment,https://finance.yahoo.com/news/goldman-sachs-starts-amkor-amkr-161822006.html,"Amkor Technology Inc. (NASDAQ:AMKR) is one of the most oversold semiconductor stocks so far in 2025. On July 10, Goldman Sachs analyst James Schneider began coverage of Amkor Technology with a Neutra… [+2107 chars]"
2025-07-25T16:18:05Z,"Hormel Foods (HRL) Appoints Jeffrey Ettinger as Interim CEO, John Ghingo as President","Hormel Foods Corporation (NYSE:HRL) is one of the best alternative meat stocks to invest in according to analysts. On June 23, the company announced the...",Yahoo Entertainment,https://finance.yahoo.com/news/hormel-foods-hrl-appoints-jeffrey-161805671.html,"Hormel Foods Corporation (NYSE:HRL) is one of the best alternative meat stocks to invest in according to analysts. On June 23, the company announced the appointment of Jeffrey M. Ettinger as interim … [+2111 chars]"
2025-07-25T16:17:00Z,The Real Reason Hydrogen Fuel Isn't More Popular,"Earth has a massive supply of hydrogen. It can be burned in the same way we use oil or gas, but it only emits water. So, why isn't it more popular?",BGR,https://www.bgr.com/1921704/real-reason-hydrogen-fuel-not-popular/,"One potential process which would be safer for our climate, is an option referred to as green hydrogen. This utilizes clean and renewable energy, like wind or solar power, to manufacture the hydrogen… [+1076 chars]"
2025-07-25T16:14:41Z,Falcon Finance Brings Full Transparency Into USDf Reserves with New Dashboard,"Falcon Finance, the leading synthetic dollar protocol, has unveiled a new Transparency Dashboard designed to provide full transparency into the assets backing USDf. The dashboard provides users with vital information, including a detailed breakdown of USDf re…",ZyCrypto,https://zycrypto.com/falcon-finance-brings-full-transparency-into-usdf-reserves-with-new-dashboard/,"Disclaimer: The below article is sponsored, and the views in it do not represent those of ZyCrypto. Readers should conduct independent research before taking any actions related to the project mentio… [+2374 chars]"
2025-07-25T16:14:23Z,Unlocking nature’s toolkit: how plant compounds may support cancer therapy,How food and drink are joining the fight against cancer.,The Conversation Africa,https://theconversation.com/unlocking-natures-toolkit-how-plant-compounds-may-support-cancer-therapy-260225,"Michel Arnaud/Shutterstock.com
Green tea and red wine may seem like simple dietary choices – but beneath the surface, they harbour compounds with remarkable medical potential. Scientists are uncover… [+4732 chars]"
2025-07-25T16:14:18Z,How to reduce the hidden environmental costs of supply chains,"While green technologies can hypothetically make supply chains more efficient, enhanced efficiency often leads to more production and economic growth, not less.",The Conversation Africa,https://theconversation.com/how-to-reduce-the-hidden-environmental-costs-of-supply-chains-259595,"Me dia/Shutterstock
Global supply chains account for 70% of world trade. They are the arteries of global capitalism, moving goods and services across borders multiple times before reaching consumers… [+6416 chars]"
2025-07-25T16:10:16Z,Piper Sandler Reaffirms Overweight Rating on SAP Amid Cloud Momentum,"SAP SE (NYSE:SAP) is one of the best 52-week high stocks to buy now. On July 23, Piper Sandler reaffirmed its Overweight rating on SAP while adjusting the...",Yahoo Entertainment,https://finance.yahoo.com/news/piper-sandler-reaffirms-overweight-rating-161016534.html,"SAP SE (NYSE:SAP) is one of the best 52-week high stocks to buy now. On July 23, Piper Sandler reaffirmed its Overweight rating on SAP while adjusting the price target to 345 from 355. The firm cited… [+1613 chars]"
2025-07-25T16:10:04Z,Euphonica is a Rust-Powered MPD Client Heavy on Bling,"Euphonica is a new Rust-based MPD frontend for Linux desktops, with 'bling' as a key feature. I showcase its design, features, and current development status.
You're reading Euphonica is a Rust-Powered MPD Client Heavy on Bling, a blog post from OMG! Ubuntu. …",Omgubuntu.co.uk,https://www.omgubuntu.co.uk/2025/07/euphonica-linux-mpd-music-player,"‘An MPD frontend with delusions of grandeur’ not my words, but those of the GitHub description for Euphonica, a new(ish) Rust-based Linux music player under development.
The developer, Hunh Thin Khi… [+3467 chars]"
2025-07-25T16:10:01Z,GE Aerospace (GE) Price Target Hiked at Citi on Solid Guidance,"GE Aerospace (NYSE:GE) is one of the best 52-week high stocks to buy now. On July 18, Citi raised its price target of the stock to $309 from $296 while...",Yahoo Entertainment,https://finance.yahoo.com/news/ge-aerospace-ge-price-target-161001833.html,"GE Aerospace (NYSE:GE) is one of the best 52-week high stocks to buy now. On July 18, Citi raised its price target of the stock to $309 from $296 while maintaining a Buy rating. The adjustment follow… [+1530 chars]"
2025-07-25T16:09:50Z,Palantir Technologies’ (PLTR) Pipeline Bolstered by $100M NGC-2 Contract,"Palantir Technologies Inc. (NASDAQ:PLTR) is one of the best 52-week high stocks to buy now. On July 21, the stock was a big mover after the company secured a...",Yahoo Entertainment,https://finance.yahoo.com/news/palantir-technologies-pltr-pipeline-bolstered-160950270.html,"Palantir Technologies Inc. (NASDAQ:PLTR) is one of the best 52-week high stocks to buy now. On July 21, the stock was a big mover after the company secured a $100 million contract from the US governm… [+1853 chars]"
2025-07-25T16:08:31Z,VA Tech Wabag secures ₹380 crores order from BWSSB,"VA Tech Wabag secures ₹380 crore World Bank-funded order for wastewater treatment plants in Bengaluru, emphasizing sustainability and innovation.",BusinessLine,https://www.thehindubusinessline.com/companies/va-tech-wabag-secures-380-crores-order-from-bwssb/article69855476.ece,"VA Tech Wabag, a water technology company, has secured a Design, Build, Operate order, funded by World Bank, worth about 380 crores from the Bangalore Water Supply and Sewerage Board (BWSSB) towards … [+1555 chars]"
2025-07-25T16:07:03Z,"How A Podcast ""Created Lot Of Problems"" For Diamond Comics Bankruptcy","Transcripts of previous court sessions in the Diamond Comic Distributors Chapter 11 bankruptcy case have been unsealed. And, amongst other things, concern the appearance of Alliance Entertainment (or AENT) CEO Bruce Ogilvie on the Industry Of Comics comic boo…",Bleeding Cool News,https://bleedingcool.com/comics/how-a-podcast-created-lot-of-problems-for-diamond-comics-bankruptcy/,"Posted in: Comics, Current News | Tagged: dennis barger, diamond
The Diamond Comic Distributors' Chapter 11 bankruptcy court transcripts reveal the how a podcast ""created a lot of problems""
Transcr… [+19137 chars]"
2025-07-25T16:04:52Z,Liebherr delivers first batch of HVAC systems to Stadler Rail,The agreement includes supplying 550 HVAC units to Stadler's subsidiary in Kazakhstan over the next five years.,Railway-technology.com,https://www.railway-technology.com/news/liebherr-delivers-first-batch-of-hvac-systems/,"Liebherr Transportation Systems (China) has delivered the first batch of heating, ventilation, and air conditioning (HVAC) systems to Stadler Rail Group.
These systems, designed and manufactured in … [+2169 chars]"
2025-07-25T16:02:53Z,Suspects in Kansas City Chiefs fans' deaths say no timeframe for DNA evidence in murder case,Defense attorneys challenge evidence in murder case against Jordan Willis and Ivory Carson after three Kansas City Chiefs fans died of fentanyl and cocaine combined toxicity.,Fox News,https://www.foxnews.com/us/suspects-kansas-city-chiefs-fans-deaths-say-no-timeframe-dna-evidence-murder-case,"Two men appeared in court Thursday to face murder charges for the first time after three Kansas City Chiefs fans were found dead in the backyard of their friend's home in January 2024, as the defense… [+5748 chars]"
2025-07-25T16:02:15Z,UK-India $4.8bn FTA poised to benefit medtech and pharma,The free trade agreement is expected to reduce regulatory burdens on UK exports to India and boost trade in the pharmaceutical and medical device industries.,Medical Device Network,https://www.medicaldevice-network.com/news/uk-india-fta-poised-to-benefit-medtech-and-pharma/,"The UK and Indias newly signed £4.8bn ($6.45bn) free trade agreement (FTA) is expected to give rise to new opportunities for Indian medical device and pharmaceutical manufacturers.
Signed on 24 July… [+2512 chars]"
2025-07-25T16:00:58Z,Is $1 Dogecoin ‚Inevitable‘? Analyst Cites Perfect Storm Of Factors,"Dogecoin could be approaching a structural breakout that carries it to the long-discussed $1 threshold, according to crypto analyst Stephan Burns, who in a July 24 livestream described a “perfect storm” of monetary design, market structure and what he charact…",newsBTC,http://www.newsbtc.com/news/dogecoin/is-1-dogecoin-inevitable-analyst-perfect-storm/,"Strict editorial policy that focuses on accuracy, relevance, and impartiality
Created by industry experts and meticulously reviewed
The highest standards in reporting and publishing
Strict editori… [+4546 chars]"
2025-07-25T16:00:44Z,Official Store List For The Nike SB Air Max 95 “Cactus Flower”,"The Nike SB Air Max 95 “Cactus Flower” is pushing closer and closer to becoming a reality. Nike has just let loose some official information...

© Sneaker News, 2025. |
Permalink
|
No comment
|
Add todel.icio.us


The post Official Store List For The Nike SB …",Sneaker News,https://sneakernews.com/2025/07/25/nike-sb-air-max-95-cactus-flower/,"The Nike SB Air Max 95 “Cactus Flower” is pushing closer and closer to becoming a reality. Nike has just let loose some official information on the worlds-collide collaboration, letting loose their o… [+4555 chars]"
2025-07-25T16:00:43Z,"ETH LEADS, MONEY SUPPLY HITS ATH, PUNKS CONTINUE TO SURGE",BTC dips as jobs data diminishes Fed rate cut hopes. US crypto inflows surge hit $60b YTD. Strategy increases pref stock offering to $2b. Tokyo’s Quantum Solutions plans to buy 3k BTC. ETH could outperform BTC for 6 months: Novogratz. Galaxy begins to sell la…,Decrypt,https://decrypt.co/videos/interviews/t3trb4gJ/eth-leads-money-supply-hits-ath-punks-continue-to-surge,"ETH LEADS, MONEY SUPPLY HITS ATH, PUNKS CONTINUE TO SURGE
BTC dips as jobs data diminishes Fed rate cut hopes. US crypto inflows surge hit $60b YTD. Strategy increases pref stock offering to $2b. To… [+547 chars]"
2025-07-25T16:00:00Z,Oil Slips as Market Eyes Potential Venezuela Supply Boost,"Oil traded slightly lower on Friday as traders weighed trade talk optimism and the potential of more oil supply from Venezuela.Friday, July 25th, 2025 ICE Brent futures remained rangebound as market participants weighed the impact of Venezuela’s potential ret…",OilPrice.com,https://oilprice.com/Energy/Energy-General/Oil-Slips-as-Market-Eyes-Potential-Venezuela-Supply-Boost.html,"The U.S. Commerce Department has…
Solar power generation jumped 30%,…
Oil prices are rising on…
By Tom Kool - Jul 25, 2025, 11:00 AM CDTOil traded slightly lower on Friday as traders weighed trade… [+4651 chars]"
2025-07-25T15:58:57Z,NASAMS Order Egypt’s Latest Step To Diversify Air Defense,Such an acquisition is consistent with Cairo’s tradition of diversifying its military arsenal. And air defenses are certainly no exception to that tradition.,Forbes,https://www.forbes.com/sites/pauliddon/2025/07/25/nasams-order-egypts-latest-step-to-diversify-air-defense/,"A NASAMS surface-to-air missile launcher is seen during production at the assembly line of the ... More Kongsberg Defence &amp; Aerospace weapons factory in Kongsberg, Norway on January 30, 2023. (Ph… [+5927 chars]"
2025-07-25T15:57:53Z,"Generational Group Advises Bingo Pro, Inc. & Berri Books, Inc. in its Sale to Nakani Capital Partners","DALLAS — Generational Group, a leading mergers and acquisitions advisory firm for privately held businesses, is pleased to announce the sale of Bingo Pro, Inc. & Berri Books, Inc. to Nakani Capital Partners. The acquisition closed June 13, 2025. Based in Sudb…",Financial Post,https://financialpost.com/pmn/business-wire-news-releases-pmn/generational-group-advises-bingo-pro-inc-berri-books-inc-in-its-sale-to-nakani-capital-partners,"DALLAS Generational Group, a leading mergers and acquisitions advisory firm for privately held businesses, is pleased to announce the sale of Bingo Pro, Inc. &amp; Berri Books, Inc. to Nakani Capital… [+5668 chars]"
2025-07-25T15:55:38Z,Med Student Caught Red-Handed Faking Poverty For Scholarship After College Finds Her Social Media Profile,Her legal efforts were fruitful—until a judge spotted her mother’s name on the court documents and realized she was a lawyer under the state’s employment.,Boredpanda.com,https://www.boredpanda.com/student-faked-poverty-to-get-scholarship-bosses-find-her-luxury-online-profile/,"A judge has stopped a medical student’s state-sponsored university grant after a socialmedia audit showed that, contrary to her claims of an impoverished life, she was, in fact, well-heeled enough to… [+5577 chars]"
2025-07-25T15:53:42Z,Homebuilders cautiously optimistic about Arizona’s ‘ag-to-urban’ water program,"The program, a complex initiative that seeks to increase housing development while conserving groundwater in the state embodied in Senate Bill 1611, was signed by Gov. Katie Hobbs on June 30.",ABC15 Arizona,https://www.abc15.com/news/business/homebuilders-cautiously-optimistic-about-arizonas-ag-to-urban-water-program,"Homebuilders are unsure how effective Arizonas ag-to-urban water program will be, but say they plan to get on board when it goes into effect on Sept. 26 even though they have doubts about its future … [+793 chars]"
2025-07-25T15:52:10Z,"Bluetti’s small, camp-friendly generator is over 30 percent off","We’re in the middle of prime camping season, when the days are longer and the temperatures are warmer. While it’s the perfect time to unplug, you don’t have to go completely off the grid, as Bluetti’s AC2P Portable Power Station can power your essential gadge…",The Verge,https://www.theverge.com/tech/713552/bluetti-ac2p-portable-power-station-samsung-galaxy-s24-ultra-deal-sale,"<ul><li></li><li></li><li></li></ul>
There are also deals available on a Qi2 charging stand from Belkin and Samsungs last-gen Galaxy S24 Ultra.
There are also deals available on a Qi2 charging stan… [+4229 chars]"
2025-07-25T15:49:39Z,"Inventory of New Single-Family Homes Spikes to Highest since 2007; in the South, Shoots Past Housing Bust High. Sales and Prices Drop","Homebuilders cut prices, bring on supply; profits plunge back to earth. Medicine this overpriced housing market needs.
By Wolf Richter for WOLF STREET.
New single-family homes for sale at all stages of construction spiked to 511,000 homes in June, the highest…",Biztoc.com,https://biztoc.com/x/0472892e83e43c52,"Homebuilders cut prices, bring on supply; profits plunge back to earth. Medicine this overpriced housing market needs.By Wolf Richter for WOLF STREET.New single-family homes for sale at all stages of… [+150 chars]"
2025-07-25T15:45:00Z,Q2 Sales and H1 2025 Financial Results,"PRESS RELEASENantes, July 25, 2025           Q2 sales and First Half results 2025     Q2 activity improving at -7,5% LfL (vs -9,9% in Q1),...",GlobeNewswire,https://www.globenewswire.com/news-release/2025/07/25/3121910/0/en/Q2-Sales-and-H1-2025-Financial-Results.html,"PRESS RELEASENantes, July 25, 2025
Q2 sales and First Half results 2025 
Q2 activity improving at -7,5% LfL (vs -9,9% in Q1), H1 at -8,7% LfL
Continuously improving LfL trend throughout the quarte… [+27852 chars]"
2025-07-25T15:44:35Z,Volkswagen suffers $1.5 billion loss from Trump's tariffs,Volkswagen is the latest major automaker to warn of tariff-related costs.,ABC News,https://abcnews.go.com/Business/volkswagen-suffers-15-billion-loss-trumps-tariffs/story?id=124065273,"President Donald Trumps tariffs cost German auto giant Volkswagen about $1.5 billion over the first half of 2025, the company said on Friday.
Sales in North America plunged 16% due primarily to U.S.… [+2922 chars]"
2025-07-25T15:41:03Z,Questions Congress Might Have for Ghislaine Maxwell,"Convicted sex trafficker may testify before Congress next month, and experts told Newsweek the questions they hope will be asked.",Newsweek,https://www.newsweek.com/congress-questions-ghislaine-maxwell-testimony-2104123,"Ghislaine Maxwell, the longtime co-conspirator of Jeffrey Epstein, may soon offer new insights to Congress about her knowledge of—and involvement in—the late financier's sexual abuse network.
On Wed… [+8625 chars]"
2025-07-25T15:39:00Z,"Wall Street Shiba Raises $500,000 in 72 Hours, Launches STIBA ICM Labs to Power the Next Era of MemeFi","SINGAPORE, July 25, 2025 (GLOBE NEWSWIRE) -- Wall Street Shiba ($STIBA), a next-generation memecoin bridging AI, DeFi, and Internet Capital Markets, has successfully raised $500,000 within 72 hours of its presale launch. The project introduces a novel approac…",GlobeNewswire,https://www.globenewswire.com/news-release/2025/07/25/3121903/0/en/Wall-Street-Shiba-Raises-500-000-in-72-Hours-Launches-STIBA-ICM-Labs-to-Power-the-Next-Era-of-MemeFi.html,"SINGAPORE, July 25, 2025 (GLOBE NEWSWIRE) -- Wall Street Shiba ($STIBA), a next-generation memecoin bridging AI, DeFi, and Internet Capital Markets, has successfully raised $500,000 within 72 hours o… [+4522 chars]"
2025-07-25T15:38:39Z,Sen. Ron Johnson Shares How He Thinks American Manufacturing Will Boost US Economy,Johnson detailed how American manufacturing will boost jobs and consumer trust in the economy during Thursday's Daily Caller Live event.,The Daily Caller,https://dailycaller.com/2025/07/25/senator-ron-johnson-american-manufacturing-economy-regulations-taxes-live-event-norquist-keane/,"Republican Wisconsin Sen. Ron Johnson shared how he thinks American manufacturing will boost jobs and consumer trust in the economy Thursday during a Daily Caller Live event, presented by the America… [+2845 chars]"
2025-07-25T15:37:40Z,"After 7 weeks of painful scrolling, the Switch 2 stock shortage might finally be over, but I'm not popping the cork just yet","Nintendo Switch 2 shortages aren't really a thing this week, but I'd still pick up the new handheld ASAP to avoid disappointment down the road.",GamesRadar+,https://www.gamesradar.com/platforms/nintendo-switch-2/after-seven-weeks-of-painful-scrolling-the-switch-2-stock-shortage-might-finally-be-over-but-im-not-popping-the-cork-just-yet/,"Anyone who's been eyeing up the Nintendo Switch 2 since the handheld's release will be familiar with out-of-stock signs. For weeks, it felt like US retailers just couldn't catch a break, as I watched… [+2842 chars]"
2025-07-25T15:36:25Z,"RFK Jr. Bans Thimerosal in Vaccines, Despite Experts, Studies Noting Its Safety","“Banning vaccine ingredients without cause increases the perceived risk of vaccines,” one prominent health group said.",Truthout,https://truthout.org/articles/rfk-jr-bans-thimerosal-in-vaccines-despite-experts-studies-noting-its-safety/,"Truthout is an indispensable resource for activists, movement leaders and workers everywhere. Please make this work possible with a quick donation.
Department of Health and Human Services (HHS) Secr… [+4269 chars]"
2025-07-25T15:28:47Z,"Brazil scrambles as U.S. tariff deadline looms, talks stall","SAO PAULO (Reuters) -Brazil is scrambling to avert punishing 50% U.S. tariffs in a week's time, but high level talks are stalled and U.S. companies are...",Yahoo Entertainment,https://finance.yahoo.com/news/brazil-scrambles-u-tariff-deadline-152847259.html,"By Luciana Magalhaes, Lisandra Paraguassu, Bernardo Caram and Ana Mano
SAO PAULO (Reuters) -Brazil is scrambling to avert punishing 50% U.S. tariffs in a week's time, but high level talks are stalle… [+3613 chars]"
2025-07-25T15:28:39Z,India-UK FTA will provide liberal market access for Indian accountancy professionals: ICAI,"The India-UK Free Trade Agreement is set to boost opportunities for Indian chartered accountants, according to ICAI. The agreement, facilitated by ICAI's input, ensures liberal market access and protects the 'Chartered Accountant' title. It is expected to sig…",The Times of India,https://economictimes.indiatimes.com/industry/services/consultancy-/-audit/india-uk-fta-will-provide-liberal-market-access-for-indian-accountancy-professionals-icai/articleshow/122908813.cms,The India-UK Free Trade Agreement will provide liberal market access for Indian accountancy professionals as well as help in significantly expanding the volume of high-value professional services wor… [+1577 chars]
2025-07-25T15:28:39Z,"FTA with UK to benefit thousands of chartered accountants, firms: ICAI president","The India-UK Free Trade Agreement is set to boost opportunities for Indian chartered accountants, according to ICAI. The agreement, facilitated by ICAI's input, ensures liberal market access and protects the 'Chartered Accountant' title. It is expected to sig…",The Times of India,https://economictimes.indiatimes.com/industry/services/consultancy-/-audit/fta-with-uk-to-benefit-thousands-of-chartered-accountants-firms-icai-president/articleshow/122908813.cms,"The India-UK free trade agreement is expected to significantly boost the flow of high-value professional services work into India, benefiting thousands of chartered accountant firms and professionals… [+1581 chars]"
2025-07-25T15:27:36Z,Baker Hughes to supply DRAs to Genesis Energy,,Biztoc.com,https://biztoc.com/x/0aae1e3c43b543a3,"{ window.open(this.href, '_blank'); }, 200); return false;""&gt;Why is Intel planning large layoffs by year-end? { window.open(this.href, '_blank'); }, 200); return false;""&gt;How are US tariffs impac… [+736 chars]"
2025-07-25T15:25:26Z,Tariffs and analysts: What to expect from Apple's Q3 2025 earnings,"Apple's quarterly results for the third fiscal quarter of 2025 are arriving on July 31. With ever-changing tariff policies affecting supply chains, here's what to expect from a traditionally quiet quarter for the company.Apple CEO Tim CookApple's third-quarte…",AppleInsider,https://appleinsider.com/articles/25/07/25/tariffs-and-analysts-what-to-expect-from-apples-q3-2025-earnings,"Apple's quarterly results for the third fiscal quarter of 2025 are arriving on July 31. With ever-changing tariff policies affecting supply chains, here's what to expect from a traditionally quiet qu… [+8407 chars]"
2025-07-25T15:22:27Z,How To Capitalize On Rise To New Highs,So much for the Liberation Day selloff! Markets are rising to new highs – and our MoneyShow experts have several ideas on how you can capitalize. Here are three.,Forbes,https://www.forbes.com/sites/moneyshow/2025/07/25/how-to-capitalize-on-rise-to-new-highs/,"So much for the Liberation Day selloff! Markets are rising to new highs and our MoneyShow experts have several ideas on how you can capitalize. Here are three.
Mike LarsonMoneyShow.com
What about h… [+5714 chars]"
2025-07-25T15:17:57Z,"IVPA, IPOA sign agreement to boost productivity, sustainability in palm oil sector","IVPA and IPOA sign MoU to boost palm oil sector sustainability, productivity, and policy alignment, enhancing India-Indonesia trade relations.",BusinessLine,https://www.thehindubusinessline.com/economy/agri-business/ivpa-ipoa-sign-agreement-to-boost-productivity-sustainability-in-palm-oil-sector/article69850684.ece,The Indian Vegetable Oil Producers Association (IVPA) and the Indonesian Palm Oil Association (IPOA) signed a memorandum of understanding (MoU) at the IVPA conference in New Delhi on Thursday. The th… [+3178 chars]
2025-07-25T15:17:51Z,Kathmandu Destroys 159 Water Jars!  Is Your Water Safe? ,"Keeping Kathmandu Safe: Water Quality Checks and Drinking Water Safety in the Rainy Season The monsoon season has arrived in Kathmandu, bringing much-needed rain, but also posing potential risks to public health. The Kathmandu Metropolitan City (KMC) is takin…",Nep123.com,https://nep123.com/kathmandu-destroys-159-water-jars-%f0%9f%92%a7-is-your-water-safe-%f0%9f%a7%90/,"The monsoon season has arrived in Kathmandu, bringing much-needed rain, but also posing potential risks to public health. The Kathmandu Metropolitan City (KMC) is taking proactive steps to ensure the… [+2500 chars]"
2025-07-25T15:17:42Z,Hulk Hogan's Real American Beer Flying Off Shelves After WWE Star's Death,"Hulk Hogan's Real American Beer is flying off shelves following the WWE star's death, and his company is hustling to restock retailers between New York, Florida and beyond. Sources tell TMZ ... ""Around the country, there has been a run on the beer…
 Permalink",TMZ,https://www.tmz.com/2025/07/25/hulk-hogan-real-american-beer-selling-after-death/,"Hulk Hogan's Real American Beer is flying off shelves following the WWE star's death, and his company is hustling to restock retailers between New York, Florida and beyond.
Sources tell TMZ ... ""Aro… [+1915 chars]"
2025-07-25T15:16:57Z,Foreclosure Inquiries Hit 5-Year High — Here’s Why and How It Could Affect the Housing Market,Foreclosure inquiries in the U.S. are growing as more people fret about the potential impact of tariffs -- and the U.S. housing market could be impacted.,Yahoo Entertainment,https://finance.yahoo.com/news/foreclosure-inquiries-hit-5-high-151657769.html,"Foreclosure inquiries in the United States have been surging as more Americans fret about the potential impact of tariffs on the economy and the U.S. housing market could suffer because of it.
Read … [+3556 chars]"
2025-07-25T15:15:11Z,Making Sense of the Performance Extensibility API,Making sense—and use!—of the new Performance Extensibility API in Chrome DevTools.,Csswizardry.com,https://csswizardry.com/2025/07/the-extensibility-api/,"25 July, 2025
Written by Harry Roberts on CSS Wizardry.
Table of Contents
<ol><li>Making Your Code a First Class Citizen</li><li>performance.mark() and performance.measure()</li><li>The Extensibil… [+15300 chars]"
2025-07-25T15:14:34Z,"China Market Update: Profit Taking Caps Strong Week For China Markets, Week In Review","Asian equities were lower overnight after a significant rally for the week. Hong Kong and Mainland China both closed lower, though the latter outperformed. Analysts cited profit taking after a strong week, though the looming August 1st tariff deadline also li…",Forbes,https://www.forbes.com/sites/brendanahern/2025/07/25/china-market-update-profit-taking-caps-strong-week-for-china-markets-week-in-review/,"CLN
KraneShares
Week in Review
<ul><li>Asian equities had a stellar week of performance as Mainland Chinas STAR Board and Japans Nikkei 225 outperformed while Australia, India, and Taiwan were the… [+3946 chars]"
2025-07-25T15:13:59Z,"Bitcoin price, Ether today crash: Check BTC, Ethereum (ETH) price target, profit level","Bitcoin has entered a new phase of price discovery, recently reaching a fresh all-time high of nearly $118,845. BTC recently broke out of a rectangle consolidation zone, a classic setup that predicts substantial upside gains.",The Times of India,https://economictimes.indiatimes.com/news/international/us/bitcoin-price-ether-today-crash-check-btc-ethereum-eth-price-target-profit-level/articleshow/122908572.cms,"Bitcoin prices fell nearly 3 per cent on Friday. Bitcoin was down by three per cent to $115,259, Ether tanked four per cent to $3,596. Meanwhile, blockchain farm operator Bitfarms dropped 4.1 per cen… [+3018 chars]"
2025-07-25T15:13:29Z,Tata Chemicals Q1 Results: PAT jumps 80% to Rs 316 crore,Tata Chemicals on Friday reported an 80.57 per cent increase in consolidated profit after tax (PAT) to Rs 316 crore for the quarter ended June 30.,The Times of India,https://economictimes.indiatimes.com/markets/stocks/earnings/tata-chemicals-q1-results-pat-jumps-80-to-rs-316-crore/articleshow/122908630.cms,Tata Chemicals on Friday reported an 80.57 per cent increase in consolidated profit after tax (PAT) to Rs 316 crore for the quarter ended June 30.The company's PAT was Rs 175 crore during the corresp… [+1542 chars]
2025-07-25T15:13:16Z,Transpacific and Asia-Europe Spot Rates Soften Despite Looming GRIs,"Spot container freight rates on the transpacific and Asia-Europe trades continued to soften this week, with no general rate increases (GRIs) or peak season surcharges (PSSs) to halt the slide.",gcaptain.com,https://gcaptain.com/transpacific-and-asia-europe-spot-rates-soften-despite-looming-gris/,"By Gavin van Marle (The Loadstar) – 
Spot container freight rates on the transpacific and Asia-Europe trades continued to soften this week, with no general rate increases (GRIs) or peak season surch… [+3225 chars]"
2025-07-25T15:08:55Z,The D Brief: Double sub production?; Shipbuilding ‘cobots’; Army’s unassigned tech-execs; Border SITREP; And a bit more.,,Defense One,https://www.defenseone.com/threats/2025/07/the-d-brief-july-25-2025/406986/,"The U.S. must double its sub production, CNO nominee says. We need a transformational improvement and the ability to deliver twice the capacity that we're currently delivering in order to meet the ne… [+10072 chars]"
2025-07-25T15:08:11Z,Baker Hughes to supply DRAs to Genesis Energy,The contract encompasses the implementation of the Leucipa automated field production system to enhance operations.,Offshore Technology,https://www.offshore-technology.com/news/baker-hughes-dras-genesis-energy/,"Energy technology company Baker Hughes has secured a multi-year agreement with Genesis Energy to supply drag-reducing agents (DRAs) for two vital offshore oil pipelines off the US Gulf Coast.
The co… [+2624 chars]"
2025-07-25T15:05:00Z,U.S. Sanctions Firm Behind N. Korean IT Scheme; Arizona Woman Jailed for Running Laptop Farm,The U.S. Department of the Treasury's Office of Foreign Assets Control (OFAC) sanctioned a North Korean front company and three associated individuals for their involvement in the fraudulent remote information technology (IT) worker scheme designed to generat…,Internet,https://thehackernews.com/2025/07/us-sanctions-firm-behind-n-korean-it.html,The U.S. Department of the Treasury's Office of Foreign Assets Control (OFAC) sanctioned a North Korean front company and three associated individuals for their involvement in the fraudulent remote i… [+3598 chars]
2025-07-25T15:02:42Z,US stock market rallies as S&P 500 and Nasdaq hit fresh records amid earnings boom and Fed rate cut hopes,"US stock market continued its winning streak as the S&P 500 and Nasdaq Composite reached new record highs, driven by strong corporate earnings, booming tech stocks, and growing hopes of a Federal Reserve rate cut. The Dow Jones also inched higher, though slig…",The Times of India,https://economictimes.indiatimes.com/news/international/us/us-stock-market-rallies-as-sp-500-and-nasdaq-hit-fresh-records-amid-earnings-boom-and-fed-rate-cut-hopes/articleshow/122908229.cms,"U.S. Stock Market stays positive amid strong earnings and fed speculation- On Friday, July 25, 2025, U.S. stock markets continued their upward momentum, with the S&amp;P 500 and Nasdaq Composite inch… [+8889 chars]"
2025-07-25T15:00:54Z,"Crypto Founder Reveals What Will Drive Ethereum Price To $10,000","BitMEX co-founder and crypto investor, Arthur Hayes, has outlined the key catalysts that could drive the Ethereum price to a $10,000 all-time high by year-end. In a detailed market analysis, Hayes explains how expanding US credit policies, growing institution…",newsBTC,http://www.newsbtc.com/news/ethereum/what-will-drive-ethereum-price/,"BitMEX co-founder and crypto investor, Arthur Hayes, has outlined the key catalysts that could drive the Ethereum price to a $10,000 all-time high by year-end. In a detailed market analysis, Hayes ex… [+3049 chars]"
2025-07-25T15:00:07Z,"As Happy Gilmore 2 Hits Netflix, Critics Note Adam Sandler’s ‘Moronic’ Comedy And Emotional Story But Don’t Agree On Whether He Sinks The Putt",Will the sequel take fans to their happy place?,CinemaBlend,https://www.cinemablend.com/streaming-news/happy-gilmore-2-hits-netflix-critics-adam-sandler-moronic-comedy-emotional-story-dont-agree-sinks-putt,"Adam Sandler absolutely crushed it with his 1996 sports comedy Happy Gilmore, which decades later is still beloved as one of the best movies of the ‘90s. That makes its sequel, Happy Gilmore 2, both … [+4760 chars]"
2025-07-25T15:00:00Z,'People hate it. It's very annoying. It's like a boss in Dark Souls': Quarantine Zone's biggest source of negative feedback is that damn supply cart,"""Half of negative demo reviews contain the word 'cart,'"" says Brigada Games CEO Stas Starykh.",PC Gamer,https://www.pcgamer.com/games/sim/people-hate-it-its-very-annoying-its-like-a-boss-in-dark-souls-quarantine-zones-biggest-source-of-negative-feedback-is-that-damn-supply-cart/,"Along with a million wishlists, the demo for zombie apocalypse management sim Quarantine Zone: The Last Check got a lot of feedback. The demo was massively popular when it launched in May, and linked… [+2286 chars]"
2025-07-25T14:59:51Z,"No breakthrough in Istanbul, but Erdogan is holding the door","As Ukraine and Russia remain deadlocked, Türkiye is positioning itself as the only viable platform for a future peace framework Read Full Article at RT.com",RT,https://www.rt.com/news/621991-istanbul-russia-ukraine-turkiye/,"The third round of negotiations between Russia and Ukraine, held in Istanbul, lasted less than an hour – barely enough time to suggest progress. While both delegations arrived with talking points, th… [+6115 chars]"
